show_id,title,type,country,rating,listed_in,description
s77,Yowamushi Pedal,TV Show,Japan,TV-14,"Anime Series, International TV Shows","A timid, anime-loving teen gets drawn into a school cycling club, where his new friends help him face tough challenges to develop his racing talent."
s155,Kuroko's Basketball,TV Show,Japan,TV-MA,"Anime Series, International TV Shows, Teen TV Shows","Five middle school basketball stars went to separate high schools, and now Tetsuya Kuroko and Seirin High are making their play for glory."
s220,EDENS ZERO,TV Show,Japan,TV-14,"Anime Series, International TV Shows","Aboard the Edens Zero, a lonely boy with the ability to control gravity embarks on an adventure to meet the fabled space goddess known as Mother."
s266,Rascal Does Not Dream of Bunny Girl Senpai,TV Show,Japan,TV-14,"Anime Series, International TV Shows, Romantic TV Shows","After experiencing ""puberty syndrome"" himself, high school pariah Sakuta keeps meeting girls suffering from it, including his sister and actor Mai."
s292,SHAMAN KING,TV Show,Japan,TV-14,"Anime Series, International TV Shows","Medium Yoh Asakura enters a battle tournament held every 500 years, competing with other shamans in a bid to become the all-powerful Shaman King."
s339,Hunter X Hunter (2011),TV Show,Japan,TV-14,"Anime Series, International TV Shows","To fulfill his dreams of becoming a legendary Hunter like his dad, a young boy must pass a rigorous examination and find his missing father."
s454,BEASTARS,TV Show,Japan,TV-MA,"Anime Series, International TV Shows","In a world where beasts of all kinds coexist, a gentle wolf awakens to his own predatory urges as his school deals with a murder within its midst."
s494,RESIDENT EVIL: Infinite Darkness,TV Show,"United States, Japan",TV-MA,"Anime Series, TV Horror, TV Thrillers","Years after the horrors of Raccoon City, Leon and Claire find themselves consumed by a dark conspiracy when a viral attack ravages the White House."
s628,The Daily Life of the Immortal King,TV Show,China,TV-14,"Anime Series, International TV Shows, Teen TV Shows","Having vanquished a powerful demon at age six, precocious wizard Wang Ling must now navigate high school life as an ordinary teen."
s632,The Seven Deadly Sins,TV Show,Japan,TV-14,"Anime Series, International TV Shows","When a kingdom is taken over by tyrants, the deposed princess begins a quest to find a disbanded group of evil knights to help take back her realm."
s738,Trese,TV Show,"Philippines, Singapore, Indonesia",TV-MA,"Anime Series, Crime TV Shows, TV Horror","In Manila, where dark supernatural forces pervade the criminal underworld, it’s up to Alexandra Trese to keep the peace — but there’s a storm brewing."
s779,Attack on Titan,TV Show,Japan,TV-MA,"Anime Series, International TV Shows","With his hometown in ruins, young Eren Yeager becomes determined to fight back against the giant Titans that threaten to destroy the human race."
s804,Ouran High School Host Club,TV Show,Japan,TV-PG,"Anime Series, Romantic TV Shows, Teen TV Shows","New student Haruhi stumbles on the Ouran High School Host Club, an all-male group that makes money by entertaining the girls of the school."
s844,JoJo's Bizarre Adventure,TV Show,Japan,TV-MA,"Anime Series, International TV Shows",Multiple generations of the Joestar family – all with the same nickname – confront supernatural villains through a series of time periods.
s891,Castlevania,TV Show,United States,TV-MA,"Anime Series, TV Horror, TV Thrillers",A vampire hunter fights to save a besieged city from an army of otherworldly beasts controlled by Dracula himself. Inspired by the classic video games.
s1041,Durarara!!,TV Show,Japan,TV-MA,"Anime Series, Crime TV Shows, International TV Shows","A young man looking for excitement moves to Ikebukuro, a district in Tokyo, where he finds a world of mystery in which the past and present mesh."
s1045,High-Rise Invasion,TV Show,Japan,TV-MA,"Anime Series, International TV Shows, TV Thrillers","High schooler Yuri finds herself atop a skyscraper in a strange world, where she must survive against masked assailants bent on killing their prey."
s1052,Sonic X,TV Show,Japan,TV-Y7,"Anime Series, Kids' TV","A mission gone awry transports Sonic the Hedgehog, his friends, Dr. Eggman and the Chaos Emeralds to another dimension: Earth."
s1085,Heaven Official's Blessing,TV Show,China,TV-14,"Anime Series, International TV Shows, Romantic TV Shows","Banished to the mortal realm to exorcise ghosts, a deity must reckon with a demon and soon uncovers a dark secret behind the heavenly gods."
s1092,The Way of the Househusband,TV Show,Japan,TV-MA,"Anime Series, International TV Shows","After disappearing from the underworld, the legendary yakuza Tatsu, ""the Immortal Dragon,"" resurfaces — as a fiercely devoted stay-at-home husband."
s1150,Yu-Gi-Oh!,TV Show,Japan,TV-Y7,"Anime Series, Kids' TV","The lives of young Yugi Moto and his friends Joey, Tristan, and Téa are forever changed when a fantasy card game becomes their reality."
s1169,DOTA: Dragon's Blood,TV Show,United States,TV-MA,Anime Series,A conflicted yet courageous Dragon Knight must use the power of the dragon within to stop a deadly demon in this epic fantasy based on the online game.
s1187,B: The Beginning,TV Show,Japan,TV-MA,"Anime Series, Crime TV Shows, International TV Shows","Genius investigator Keith Flick rejoins the royal police force just as serial killer ""B"" emerges. Mysterious youth Koku may be an ally, or a target."
s1239,Pacific Rim: The Black,TV Show,"United States, Australia",TV-14,Anime Series,"After Kaiju ravage Australia, two siblings pilot a Jaeger to search for their parents, encountering new creatures, seedy characters and chance allies."
s1258,TIGER & BUNNY,TV Show,Japan,TV-14,"Anime Series, International TV Shows","In an alternate New York City protected by a band of superheroes called NEXT, veteran Wild Tiger is forced to team up with rookie Barnaby Brooks Jr."
s1386,Demon Slayer: Kimetsu no Yaiba,TV Show,Japan,TV-14,"Anime Series, International TV Shows","After a demon attack leaves his family slain and his sister cursed, Tanjiro embarks upon a perilous journey to find a cure and avenge those he's lost."
s1433,The Idhun Chronicles,TV Show,Spain,TV-14,"Anime Series, International TV Shows, Spanish-Language TV Shows","A boy suddenly orphaned fights his parents' killer to save a planet, and discovers a new world of danger — and wonder."
s1539,Marvel Anime: Wolverine,TV Show,"United States, Japan",TV-14,"Anime Series, International TV Shows","Logan, aka mutant X-Man Wolverine, is on a quest to reclaim the love of his life – whose crime lord father is planning an arranged marriage for her."
s1540,Marvel Anime: X-Men,TV Show,Japan,TV-14,"Anime Series, International TV Shows","A year after their dissolution, the X-Men are re-assembled by Professor Charles Xavier to investigate the kidnapping of young mutants in Japan."
s1650,Great Pretender,TV Show,Japan,TV-MA,"Anime Series, Crime TV Shows, International TV Shows","Supposedly Japan's greatest swindler, Makoto Edamura gets more than he bargained for when he tries to con Laurent Thierry, a real world-class crook."
s1694,Beyblade Burst Rise,TV Show,Japan,TV-Y,"Anime Series, Kids' TV","After training with legendary Valt Aoi, Dante and his trusty Ace Dragon lead the next generation of Bladers to battle in Japan — Beyblade's birthplace."
s1725,Bakugan: Battle Planet,TV Show,"Japan, Canada, United States",TV-PG,"Anime Series, Kids' TV",Dan Kouzo and his pals bond with mysterious creatures known as Bakugan while fighting sinister forces out to control the world.
s1791,Blood of Zeus,TV Show,United States,TV-MA,Anime Series,"A commoner living in ancient Greece, Heron discovers his true heritage as a son of Zeus, and his purpose: to save the world from a demonic army."
s1909,Food Wars!: Shokugeki no Soma,TV Show,Japan,TV-MA,"Anime Series, International TV Shows, Teen TV Shows","Young chef Soma enters the prestigious Totsuki Culinary Academy, where he must emerge victorious in over-the-top cooking battles or face expulsion."
s1919,Sword Art Online,TV Show,Japan,TV-MA,"Anime Series, International TV Shows",A video game whiz helps create a new technology that enables players to guide their online avatars with their own bodies – but a dark twist emerges.
s1929,Black Butler,TV Show,Japan,TV-MA,"Anime Series, International TV Shows","In Victorian London, 12-year-old business magnate Ciel Phantomhive thwarts dangers to the queen as he's watched over by his demon butler, Sebastian."
s2063,Blue Exorcist,TV Show,Japan,TV-MA,"Anime Series, International TV Shows","Determined to throw off the curse of being Satan's illegitimate son, Rin enters the True Cross Academy to become an exorcist, just like his mentor."
s2067,Erased,TV Show,Japan,TV-14,"Anime Series, International TV Shows, TV Thrillers","Satoru Fujinuma can travel back in time to save others' lives. When he wakes up 18 years in the past, he has a chance to save his murdered classmates."
s2079,The Promised Neverland,TV Show,Japan,TV-14,"Anime Series, International TV Shows, TV Thrillers","When three gifted kids learn that their isolated orphanage isn’t the haven they thought, they vow to lead the other children in a risky escape plan."
s2090,Aggretsuko,TV Show,Japan,TV-14,"Anime Series, International TV Shows","Frustrated with her thankless office job, Retsuko the Red Panda copes with her daily struggles by belting out death metal karaoke after work."
s2137,Zoids Wild,TV Show,Japan,TV-Y7,"Anime Series, Kids' TV",A quest for freedom and legendary treasure begins when a cheerful young adventurer follows his father's footsteps to become the greatest Zoids hunter.
s2176,Nagi-Asu: A Lull in the Sea,TV Show,Japan,TV-14,"Anime Series, Romantic TV Shows, Teen TV Shows","In a world where humans are divided between the land and the sea, four childhood friends from the ocean must attend middle school on the surface."
s2181,Toradora!,TV Show,Japan,TV-14,"Anime Series, International TV Shows, Romantic TV Shows","Menacing in appearance but gentle at heart, Ryūji forms an unlikely friendship with Taiga, a tiny girl with a sharp tongue and a tough attitude."
s2193,Transformers: War For Cybertron Trilogy,TV Show,United States,TV-Y7,Anime Series,"As the Autobots and Decepticons ravage their planet in a brutal civil war, two iconic leaders emerge in the Transformers universe's origin story."
s2254,Japan Sinks: 2020,TV Show,Japan,TV-MA,"Anime Series, International TV Shows","After catastrophic earthquakes devastate Japan, one family's resolve is tested on a journey of survival through the sinking archipelago."
s2321,BNA,TV Show,Japan,TV-14,"Anime Series, International TV Shows","Morphed into a raccoon beastman, Michiru seeks refuge, and answers, with the aid of wolf beastman Shirou inside the special zone of Anima-City."
s2400,ONE PIECE,TV Show,Japan,TV-14,Anime Series,Monkey D. Luffy sails with his crew of Straw Hat Pirates through the Grand Line to find the treasure One Piece and become the new king of the pirates.
s2427,BAKI,TV Show,Japan,TV-MA,"Anime Series, International TV Shows","While martial arts champion Baki Hanma trains hard to surpass his legendary father, five violent death row inmates descend upon Tokyo to take him on."
s2445,Cardcaptor Sakura,TV Show,Japan,TV-Y7,"Anime Series, International TV Shows","After a young girl breaks the seal of a magical book, releasing the spirits of the cards inside, she must become a ""Cardcaptor"" and retrieve them."
s2450,Megalobox,TV Show,Japan,TV-MA,"Anime Series, International TV Shows","Created for the 50th anniversary of manga ""Ashita No Joe,"" mechanized human fighters known as Megalo Boxers battle each other for boxing supremacy."
s2463,Dorohedoro,TV Show,Japan,TV-MA,"Anime Series, International TV Shows","Amnesiac Caiman seeks to undo his lizard head curse by killing the sorcerer responsible, with his friend Nikaido's help. In the Hole, that's a threat."
s2526,Parasyte: The Maxim,TV Show,Japan,TV-MA,"Anime Series, International TV Shows, TV Horror","A teenager battles an onslaught of parasites from space with help from Migi, a docile parasitic creature that's taken over his right hand."
s2587,Monthly Girls' Nozaki Kun,TV Show,Japan,TV-PG,"Anime Series, Romantic TV Shows",Art imitates life when Chiyo discovers her crush is a famous artist who wants to use their budding relationship as inspiration for his romantic manga.
s2599,DRIFTING DRAGONS,TV Show,Japan,TV-14,"Anime Series, International TV Shows","Dragons are on the menu as the crew of the airship Quin Zaza sets out on a hunt. If they fail, empty stomachs will be the least of their worries."
s2646,Ghost in the Shell: SAC_2045,TV Show,"Japan, United States",TV-14,"Anime Series, Crime TV Shows, International TV Shows","After a global financial crisis, the world is engulfed in an AI-driven ""sustainable war."" It's up to Section 9 to counter new forms of cyber threats."
s2659,Bleach,TV Show,Japan,TV-14,"Anime Series, International TV Shows","After teenager Ichigo Kurosaki acquires superpowers from wounded soul reaper Rukia Kuchiki, the two of them join forces to round up lost souls."
s2699,Hi Score Girl,TV Show,Japan,TV-14,"Anime Series, International TV Shows, Romantic TV Shows","A chronic gamer abysmally inept in academics and sports finally meets his match at his usual shady arcade – and it’s his rich classmate, Akira."
s2741,Saint Seiya,TV Show,Japan,TV-14,Anime Series,A band of young warriors in magical armor vow to defend the reincarnation of Greek goddess Athena against evil forces and to return her to the throne.
s2789,Dino Girl Gauko,TV Show,"United States, Japan",TV-Y7,"Anime Series, Kids' TV","When she gets angry, middle schooler Naoko turns into fierce dinosaur Gauko! Thanks to friends, aliens and more, her life is full of wacky incidents."
s2855,Akame ga Kill!,TV Show,Japan,TV-14,"Anime Series, Crime TV Shows, International TV Shows","Tatsumi sets out on a journey to help his poor village. When he's rescued by a band of assassins, he joins their fight against the corrupt government."
s2946,Cagaster of an Insect Cage,TV Show,Japan,TV-MA,"Anime Series, International TV Shows","Thirty years after a disease that turns the infected into carnivorous insects emerged, a young exterminator and a teenage girl search for her mother."
s2959,Is It Wrong to Try to Pick Up Girls in a Dungeon?,TV Show,Japan,TV-MA,"Anime Series, International TV Shows","Lovable goof Bell Cranel wants an adventure, and when he meets the diminutive goddess Hestia, he gets much more than he bargained for."
s2966,No Game No Life,TV Show,Japan,TV-MA,"Anime Series, International TV Shows",Legendary gamer siblings Sora and Shiro are transported to a world where life is a series of games and humanity is in grave danger of extinction.
s2967,Pop Team Epic,TV Show,Japan,TV-14,"Anime Series, International TV Shows",This animated adaptation of the quirky four-panel comic brings the random exploits of Popuko and Pipimi to life.
s2999,​SAINT SEIYA: Knights of the Zodiac,TV Show,Japan,TV-14,"Anime Series, International TV Shows","Seiya and the Knights of the Zodiac rise again to protect the reincarnation of the goddess Athena, but a dark prophecy hangs over them all."
s3021,Soul Eater,TV Show,Japan,TV-14,"Anime Series, International TV Shows","Maka and the other students at the Death Weapon Meister Academy must kill 99 evil humans and one witch, absorbing their spirits when they die."
s3056,Cells at Work!,TV Show,Japan,TV-PG,"Anime Series, Teen TV Shows","One newcomer red blood cell just wants to do her job. Between bacteria incursions and meeting a certain white blood cell, she's got a lot to learn!"
s3089,The Disastrous Life of Saiki K.: Reawakened,TV Show,Japan,TV-14,"Anime Series, International TV Shows","Kusuo and his gaggle of self-proclaimed friends are back for more psychic mishaps. If he didn't have enough problems before, he's got even more now."
s3104,CAROLE & TUESDAY,TV Show,Japan,TV-MA,"Anime Series, International TV Shows, Teen TV Shows","Part-timer Carole meets rich girl Tuesday, and each realizes they've found the musical partner they need. Together, they just might make it."
s3138,Girls und Panzer,TV Show,Japan,TV-PG,"Anime Series, International TV Shows",Miho Nishizumi tries to escape her family's tradition of tankery by enrolling at a new high school. Instead she gets back into the sport with friends.
s3174,Teasing Master Takagi-san,TV Show,Japan,TV-PG,"Anime Series, International TV Shows, Romantic TV Shows","Teased constantly by classmate Takagi-san, middle-schooler Nishikata swears payback by trying (and failing) to give her a dose of her own medicine."
s3220,Levius,TV Show,Japan,TV-14,"Anime Series, International TV Shows",Young Levius rises through the ranks in the brutal world of metal boxing under his uncle's guidance. Forces outside the ring have their eye on him.
s3272,K-On!,TV Show,Japan,TV-PG,"Anime Series, Teen TV Shows","When they're not gorging themselves on sugary snacks, four aspiring high school musicians crank out catchy tunes as members of the Light Music Club."
s3334,CLANNAD,TV Show,Japan,TV-PG,"Anime Series, Teen TV Shows",Maladjusted high school student Tomoya's life begins to change when he befriends his classmate Nagisa and several other eccentric girls.
s3337,Haikyu!!,TV Show,Japan,TV-14,"Anime Series, International TV Shows, Teen TV Shows","Inspired by a championship match he sees on TV, junior high schooler Hinata joins a volleyball club and begins training, despite his short height."
s3340,"Love, Chunibyo & Other Delusions!",TV Show,Japan,TV-PG,"Anime Series, Romantic TV Shows, Teen TV Shows","High schooler Yuta wants to leave his past as a delusional weirdo behind. But his classmate Rikka has her own delusions, and she's interested in his."
s3341,Maid-Sama!,TV Show,Japan,TV-14,"Anime Series, Romantic TV Shows","To keep the boys in line, student council president Misaki runs the school with an iron fist – while secretly working as a waitress at a maid café."
s3342,Mobile Suit Gundam: Iron-Blooded Orphans,TV Show,Japan,TV-14,"Anime Series, International TV Shows","On a terraformed post-disaster Mars, a group of child security agents rebel against the adults who betrayed them and the oppressive Earth government."
s3356,KENGAN ASHURA,TV Show,"United States, Japan",TV-MA,"Anime Series, International TV Shows","Ohma Tokita enters a hidden world where corporate disputes are settled in brutal gladiator bouts. Forget the money, he just wants to fight – and win."
s3438,Ultramarine Magmell,TV Show,Japan,TV-14,"Anime Series, International TV Shows","Decades after the sudden birth of a new continent, a young rescuer-for-hire provides aid to adventurers exploring this dangerous, uncharted world."
s3458,Seis Manos,TV Show,United States,TV-MA,"Anime Series, Crime TV Shows","Orphans raised by a martial arts master are plunged into a mystery involving demonic powers, drug cartels, ancient rituals and blood sacrifice."
s3520,Kabaneri of the Iron Fortress: The Battle of Unato,TV Show,Japan,TV-MA,"Anime Series, International TV Shows, TV Horror","Ikoma and the Iron Fortress take their fight to the battlegrounds of Unato, joining the alliance to reclaim the region from the kabane horde."
s3542,Naruto,TV Show,Japan,TV-14,"Anime Series, International TV Shows","Guided by the spirit demon within him, orphaned Naruto learns to harness his powers as a ninja in this anime adventure series."
s3589,Cannon Busters,TV Show,"United States, Japan",TV-MA,"Anime Series, International TV Shows",Immortal renegade Philly the Kid and his transforming pink Cadillac join a relentlessly upbeat friendship droid on her quest to find a missing prince.
s3664,Angel Beats!,TV Show,Japan,TV-PG,"Anime Series, International TV Shows","In a high school that's a way station to the afterlife, a teenager gets caught up in the battle for the rights of those in this purgatorial world."
s3665,Anohana: The Flower We Saw That Day,TV Show,Japan,TV-14,"Anime Series, International TV Shows, Teen TV Shows",A teen haunted by the spirit of an old friend summons the other members of their childhood club to help fulfill the girl's final wish.
s3666,God Eater,TV Show,Japan,TV-14,"Anime Series, International TV Shows",An enemy immune to conventional arms has caused the collapse of civilization and humanity's only hope lies in a new living weapon: the God Arc.
s3667,GRANBLUE FANTASY the Animation,TV Show,Japan,TV-PG,"Anime Series, International TV Shows","In a world where islands float in the sky, Gran encounters a mysterious girl wanted by the Erste Empire for her ability to summon Primal Beasts."
s3697,Record of Grancrest War,TV Show,Japan,TV-MA,"Anime Series, International TV Shows","Lone mage Siluca wanders the land of Atlatan, disgusted by its greedy nobility. When she meets knight errant Theo, she sees a chance to create peace."
s3717,Forest of Piano,TV Show,Japan,TV-14,"Anime Series, International TV Shows",Kai grows up playing an old piano discarded in the woods; Shuhei's father is a famous pianist. Their chance meeting transforms their lives and music.
s3724,Magi: The Labyrinth of Magic,TV Show,Japan,TV-MA,"Anime Series, International TV Shows",A land of mysterious ruins and a magical treasure hunt await young Aladdin and his courageous friend Alibaba for the adventure of their lives.
s3725,Neon Genesis Evangelion,TV Show,Japan,TV-MA,"Anime Series, International TV Shows","Fifteen years after the Second Impact, Shinji Ikari joins his father's group NERV as one of several teenage mecha pilots fighting the monstrous Angels."
s3737,Fate/Zero,TV Show,Japan,TV-MA,"Anime Series, International TV Shows","After three unsettled battles for the mystical Holy Grail, an artifact that grants a miracle to those who hold it, a fourth war begins."
s3738,Kill la Kill,TV Show,Japan,TV-MA,"Anime Series, International TV Shows","The ""woman with the scissor blade"" – Ryuko Matoi – searches for clues all around the world for the truth behind her father's death."
s3742,Puella Magi Madoka Magica,TV Show,Japan,TV-14,"Anime Series, International TV Shows","One day, Madoka Kaname has a very magical encounter, one that can change her destiny. This is the beginning of the new story of magical witch girls."
s3785,March Comes in Like a Lion,TV Show,Japan,TV-14,"Anime Series, International TV Shows, Teen TV Shows","Orphaned young, a reclusive 17-year-old professional shogi player starts to come out of his shell when three sisters take him under their wing."
s3827,Revisions,TV Show,Japan,TV-14,"Anime Series, International TV Shows","When Shibuya time-warps to 2388, high schooler Daisuke and his friends are conscripted by AHRV agent Milo to fight the hostile cyborg race, revisions."
s3871,Code Geass: Lelouch of the Rebellion,TV Show,Japan,TV-MA,"Anime Series, International TV Shows",A high-schooler who's granted powers to make anyone instantly obedient dons a mask to lead Japan's rebellion against a long-invading Britannia.
s3880,Ingress: The Animation,TV Show,Japan,TV-MA,"Anime Series, Crime TV Shows, International TV Shows","After scientists discover a mysterious substance that can influence human minds, two factions wage an all-out battle to control its awesome power."
s3902,Rilakkuma and Kaoru,TV Show,"Japan, United States",TV-PG,"Anime Series, International TV Shows","Her life might be a little mundane, but Kaoru gets to go home to Rilakkuma, her endearingly lazy roommate who happens to be a fuzzy toy bear."
s3959,Ultraman,TV Show,"United States, Japan",TV-14,"Anime Series, International TV Shows","Decades ago, a hero from the stars left this world in peace. Now, the son of Ultraman must rise to protect the Earth from a new alien threat."
s4064,The Disastrous Life of Saiki K.,TV Show,Japan,TV-14,"Anime Series, International TV Shows, Teen TV Shows","High school sophomore Kusuo Saiki swore as a child that he would keep his psychic talents hidden, but his abilities still make his life difficult."
s4132,Violet Evergarden,TV Show,Japan,TV-14,"Anime Series, International TV Shows, Romantic TV Shows","The war is over, and Violet Evergarden needs a job. Scarred and emotionless, she takes a job as a letter writer to understand herself and her past."
s4145,Sword Art Online Alternative: Gun Gale Online,TV Show,Japan,TV-MA,"Anime Series, International TV Shows",College student Karen takes up Gun Gale Online and gets a reputation as the Pink Demon. Then her gaming buddy Pitohui asks her to join the Squad Jam.
s4271,LAST HOPE,TV Show,Japan,TV-14,"Anime Series, International TV Shows","After causing the near extinction of mankind seven years ago, genius scientist Leon Lau must now fight the ecological disaster he unwittingly created."
s4275,Sirius the Jaeger,TV Show,Japan,TV-MA,"Anime Series, International TV Shows, TV Thrillers","In imperial Tokyo, a group calling themselves ""Jaegers"" secretly hunt the vampires seeking the Ark of Sirius. Among them is young werewolf, Yuliy."
s4280,Fate/stay night: Unlimited Blade Works,TV Show,Japan,TV-14,"Anime Series, International TV Shows",High school students Rin and Shiro pair up as allies when they're chosen to compete in a secret tournament for possession of the Holy Grail.
s4313,Back Street Girls -GOKUDOLS-,TV Show,Japan,TV-MA,"Anime Series, International TV Shows","To pay for an epic blunder, three yakuza brothers are forced to alter their bodies, form a girl group and break into the underground J-Pop idol scene."
s4470,Fate/EXTRA Last Encore,TV Show,Japan,TV-MA,"Anime Series, International TV Shows","Hakuno Kishinami finds himself in the midst of a Holy Grail war with no memories of how he got there. Through his confusion, he must fight to survive."
s4532,LOST SONG,TV Show,Japan,TV-14,"Anime Series, International TV Shows","War looms over the kingdom of Neunatia, where two young women are both burdened and blessed by the power of song."
s4629,DRAGON PILOT: Hisone & Masotan,TV Show,Japan,TV-14,"Anime Series, International TV Shows",Recently stationed Air Self-Defense Force rookie Hisone Amakasu is chosen by a dragon concealed within Gifu Air Base to be his pilot.
s4634,Mobile Suit Gundam UC,TV Show,Japan,TV-PG,"Anime Series, International TV Shows","When Banagher Links meets the mysterious Audrey Burne, he inherits the Unicorn Gundam and is swept up into the battle for space colony independence."
s4745,SWORDGAI The Animation,TV Show,Japan,TV-MA,"Anime Series, International TV Shows","A young man becomes host to a legendary infernal sword and, with the fate of humanity now in his arm, wields its demonic power against his enemies."
s4839,Dinosaur King,TV Show,Japan,TV-Y7,"Anime Series, Kids' TV","Aided by tablets found near a downed meteorite, Max, Rex and Zoe race the evil Alpha Gang as they travel the globe in search of living dinosaurs."
s4863,Saint Seiya: The Lost Canvas,TV Show,Japan,TV-MA,"Anime Series, International TV Shows",This anime adventure follows the battle between a saint of Athena and an avatar of Hades who's working on a painting that could destroy the world.
s4989,Children of the Whales,TV Show,Japan,TV-14,"Anime Series, International TV Shows","As a magic wielder, young archivist Chakuro knows his time is short, but everything changes when a girl from the outside appears on his island."
s4992,A.I.C.O.,TV Show,Japan,TV-14,"Anime Series, International TV Shows",Everything Aiko knew was a lie. Now she's joining a team of Divers to reach the place where the Burst began to stop it for good and save her family.
s5093,Devilman Crybaby,TV Show,Japan,TV-MA,"Anime Series, International TV Shows, TV Horror","With demons reawakened and humanity in turmoil, a sensitive demon-boy is led into a brutal, degenerate war against evil by his mysterious friend, Ryo."
s5096,Fullmetal Alchemist,TV Show,Japan,TV-14,"Anime Series, International TV Shows","Brothers Edward and Alphonse use alchemy to resurrect their mother, but they unleash a chemical reaction that tears apart their bodies."
s5097,Fullmetal Alchemist: Brotherhood,TV Show,Japan,TV-14,"Anime Series, International TV Shows",After both suffer physical damage – brothers Edward and Alphonse battle nefarious forces to try to reclaim their bodies in this supernatural anime.
s5099,Pokémon: Indigo League,TV Show,Japan,TV-Y7,"Anime Series, Kids' TV","Explore the world of Pokémon with 10-year-old Ash Ketchum and his partner, Pikachu, as they aim for Ash's ultimate goal: becoming a Pokémon master."
s5170,The Irregular at Magic High School,TV Show,Japan,TV-14,"Anime Series, International TV Shows, Teen TV Shows","Siblings Tatsuya and Miyuki enroll at Magic High School, where Miyuki's honors status comes between her and her underachieving older brother."
s5175,Glitter Force Doki Doki,TV Show,Japan,TV-Y7,"Anime Series, Kids' TV",Four girls summon their inner superheroes to defend Earth and the magical kingdom of Splendorius from King Mercenare and his minions.
s5179,Fate/Apocrypha,TV Show,Japan,TV-MA,"Anime Series, International TV Shows",The theft of the Greater Grail from Fuyuki City leads to a splintered timeline in which the Great Holy Grail War is waged on an unprecedented scale.
s5232,ID-0,TV Show,Japan,TV-PG,"Anime Series, International TV Shows","In the midst of a field exercise operating I-Machines, Alliance Academy student Maya Mikuri is thrown into an entirely different kind of adventure."
s5237,Beyblade Burst,TV Show,Japan,TV-Y7,"Anime Series, Kids' TV","Middle schooler Valt Aoi, with his Beyblade Valtryek, faces off against friends, classmates and rivals to become the world's number one Blader."
s5299,Gurren Lagann,TV Show,Japan,TV-14,"Anime Series, International TV Shows","When a young laborer escapes to the world aboveground, he discovers a violent land in which humans battle robots controlled by a power-hungry noble."
s5415,Little Witch Academia,TV Show,Japan,TV-Y7,"Anime Series, International TV Shows","Akko enrolls at the Luna Nova Witchcraft Academy. She's not the best student, but her bright attitude is the key to her and her friends' success."
s5564,One-Punch Man,TV Show,Japan,TV-14,"Anime Series, Crime TV Shows, International TV Shows","The most powerful superhero in the world can kill anyone with one blow. But nothing can challenge him, so he struggles with ennui and depression."
s5610,Cyborg 009: Call of Justice,TV Show,Japan,TV-14,"Anime Series, International TV Shows","Years after taking up normal lives incognito, the cyborgs are forced to fight again when the superhuman Blessed appear with a plan for humanity."
s5655,AJIN: Demi-Human,TV Show,Japan,TV-MA,"Anime Series, International TV Shows",A teenager discovers that he is an Ajin and flees before the authorities experiment on him. Other Ajin plan to fight back and he must choose a side.
s5673,InuYasha,TV Show,Japan,TV-14,"Anime Series, International TV Shows","Yanked down a well, schoolgirl Kagome Higurashi emerges in feudal Japan, where she must reassemble a sacred jewel while eluding half-demon Inuyasha."
s5752,DEATH NOTE,TV Show,Japan,TV-14,"Anime Series, Crime TV Shows, International TV Shows","When a Japanese high schooler comes into possession of a mystical notebook, he finds he has the power to kill anybody whose name he enters in it."
s5754,Vampire Knight,TV Show,Japan,TV-14,"Anime Series, International TV Shows, Romantic TV Shows","At Cross Academy, two student disciplinary committee members are tasked with keeping the peace between a human class and a night class of vampires."
s5808,Glitter Force,TV Show,Japan,TV-Y7,"Anime Series, Kids' TV",Five preteen girls learn they're a legendary superhero squad known as the Glitter Force. Their mission? To defend Earth from evil fairy-tale villains.
s5835,Kuromukuro,TV Show,Japan,TV-14,"Anime Series, International TV Shows","When mecha attack a research center, its students, pilots, and researchers must fight back with the help of mysterious artifacts and a young samurai."
s5854,Cyborg 009 VS Devilman,TV Show,"Japan, United States",TV-MA,"Anime Series, International TV Shows","When a Black Ghost scientist releases newly modified cyborgs and mysterious demons appear in Tokyo, the worlds of ""Devilman"" and ""Cyborg 009"" meet."
s5864,Your lie in April,TV Show,Japan,TV-14,"Anime Series, International TV Shows, Romantic TV Shows","After his mother's death, a piano prodigy's will to play disappears. But meeting a free-spirited girl who plays the violin turns his life around."
s6178,忍者ハットリくん,TV Show,Japan,TV-Y7,"Anime Series, Kids' TV","Hailing from the mountains of Iga, Kanzo Hattori moves in with elementary school student Kenichi Mitsuba and his family to hone his skills as a ninja."
s6292,Beyblade: Metal Fusion,TV Show,Japan,TV-Y7,"Anime Series, Kids' TV","In this anime adventure series for kids, the forces of good and evil ""blade it out,"" battling each other with enchanted spinning tops."
s6427,Case Closed,TV Show,Japan,TV-14,"Anime Series, Crime TV Shows, TV Thrillers","Turned into a young boy by a sinister potion, teen sleuth Conan helps solve baffling crimes while tracking down the nefarious agents who poisoned him."
s6732,Fairy Tail,TV Show,Japan,TV-MA,"Anime Series, International TV Shows","When four young wizards team up to take jobs across the kingdom, they forge a bond more powerful than any magic and grow stronger with every mission."
s6902,Gunslinger Girl,TV Show,Japan,TV-14,"Anime Series, Crime TV Shows","On the surface, the Social Welfare Agency appears to help orphaned schoolgirls, but it's actually turning them into lethal agents."
s7156,K,TV Show,Japan,TV-MA,"Anime Series, Crime TV Shows, International TV Shows","A young boy is wanted for a crime he has no recollection of committing and must go on the run, hunted by two powerful kings and their forces."
s7218,Knights of Sidonia,TV Show,Japan,TV-MA,"Anime Series, International TV Shows",A hero rises to save a world that's also a spaceship under siege by an alien threat in this original anime series based on the popular manga comic.
s7377,Magi: Adventure of Sinbad,TV Show,Japan,TV-14,"Anime Series, International TV Shows",The Magi who became High King of the Seven Seas started as a boy determined to make the world a better place. He begins with a dangerous dungeon.
s7589,Ninja Hattori,TV Show,Japan,TV-Y7,"Anime Series, Kids' TV","Elementary school student Kenichi Mitsuba's household gains a surprising new member: Kanzo Hattori, a mischievous but helpful young ninja."
s7628,Nura: Rise of the Yokai Clan: Demon Capital,TV Show,Japan,TV-MA,"Anime Series, Crime TV Shows","By night, teenage Rikuo becomes a form of demon called yokai, preparing to fulfill his destiny as the head of his legendary yokai clan."
s7879,Robotech,TV Show,"United States, Japan",TV-MA,Anime Series,"When a mysterious spaceship crashes in the Pacific, the people of Earth work to master the science of robotechnology and rebuild the giant fortress."
s7907,Rurouni Kenshin,TV Show,Japan,TV-14,"Anime Series, International TV Shows","A nomadic swordsman arrives at a martial arts school in Meiji-era Japan, where he lands in the middle of a conflict involving the opium trade."
s8278,The Devil Is a Part-Timer!,TV Show,Japan,TV-14,Anime Series,"Thwarted in their attempt to take over the world of Ente Isla, Satan and his general Alciel land in modern-day Tokyo, where they take on human form."
s8781,Yo-Kai Watch,TV Show,United States,TV-Y7,"Anime Series, Kids' TV","Nate frees a mythical being trapped in a magic capsule, and the two new friends have adventures with all sorts of troublesome supernatural creatures."
s8796,Yu-Gi-Oh! Arc-V,TV Show,"Japan, Canada",TV-Y7,"Anime Series, Kids' TV","Now that he's discovered the Pendulum Summoning technique, Yuya's dream of becoming the greatest ""dueltainer"" is in reach – but it won't be easy!"
s9,The Great British Baking Show,TV Show,United Kingdom,TV-14,"British TV Shows, Reality TV","A talented batch of amateur bakers face off in a 10-week competition, whipping up their best dishes in the hopes of being named the U.K.'s best."
s33,Sex Education,TV Show,United Kingdom,TV-MA,"British TV Shows, International TV Shows, TV Comedies","Insecure Otis has all the answers when it comes to sex advice, thanks to his therapist mom. So rebel Maeve proposes a school sex-therapy clinic."
s73,Jack Whitehall: Travels with My Father,TV Show,United Kingdom,TV-MA,"British TV Shows, Docuseries, International TV Shows","Jovial comic Jack Whitehall invites his stuffy father, Michael, to travel with him through Southeast Asia in an attempt to strengthen their bond."
s99,Octonauts: Above & Beyond,TV Show,United Kingdom,TV-Y,"British TV Shows, Kids' TV","The Octonauts expand their exploration beyond the sea — and onto land! With new rides and new friends, they'll protect any habitats and animals at risk."
s367,Glow Up,TV Show,United Kingdom,TV-14,"British TV Shows, International TV Shows, Reality TV","In this competition show, aspiring makeup artists navigate colorful challenges to win a career-making opportunity in the beauty industry."
s515,Cuckoo,TV Show,United Kingdom,TV-MA,"British TV Shows, International TV Shows, TV Comedies","Rachel shocks her proper British parents when she marries an American hippie, but it's just the first in a series of surprises for the family."
s516,Derry Girls,TV Show,United Kingdom,TV-MA,"British TV Shows, International TV Shows, TV Comedies","Amidst the political conflict of Northern Ireland in the 1990s, five high school students square off with the universal challenges of being a teenager."
s520,I AM A KILLER,TV Show,United Kingdom,TV-MA,"British TV Shows, Crime TV Shows, Docuseries",Death row inmates convicted of capital murder give a firsthand account of their crimes in this documentary series.
s524,Marcella,TV Show,United Kingdom,TV-MA,"British TV Shows, Crime TV Shows, International TV Shows","Her marriage just ended and she's returning to work as a London detective after 12 years away. Is the serial killer she once investigated back, too?"
s539,The A List,TV Show,United Kingdom,TV-PG,"British TV Shows, International TV Shows, TV Dramas","Romance, rivalry and radical mystery collide as a group of teens attend a remote island sleepaway camp in this suspenseful, supernatural drama."
s541,The Worst Witch,TV Show,"United Kingdom, Germany",TV-G,"British TV Shows, Kids' TV","After stumbling into a school for witches, a bumbling heroine comes to realize that she just might belong there. Based on Jill Murphy's beloved books."
s682,They've Gotta Have Us,TV Show,United Kingdom,TV-MA,"British TV Shows, Docuseries","Powered by candid recollections from esteemed African-American entertainers, this docuseries traces the history of black cinema."
s790,Downton Abbey,TV Show,United Kingdom,TV-14,"British TV Shows, International TV Shows, TV Dramas","Exposing the snobbery and machinations of a vanishing class system, this series chronicles events in the lives of the Crawley family and their servants."
s998,Life in Color with David Attenborough,TV Show,"Australia, United Kingdom",TV-PG,"British TV Shows, Docuseries, International TV Shows","Using innovative technology, this docuseries explores nature from a fresh perspective as animals use color to survive and thrive in the wild."
s1050,Ricky Zoom,TV Show,"China, United Kingdom",TV-Y,"British TV Shows, Kids' TV",Race along with Ricky Zoom and his loyal Bike Buddies as they zip around their two-wheeled town of Wheelford on rescue missions and learn speedy stunts!
s1059,Fate: The Winx Saga,TV Show,"Italy, United Kingdom",TV-MA,"British TV Shows, International TV Shows, TV Dramas","Determined to master their enchanting powers, a group of teens navigate rivalry, romance and supernatural studies at Alfea, a magical boarding school."
s1126,Murder Maps,TV Show,United Kingdom,TV-MA,"British TV Shows, Crime TV Shows, Docuseries",Dramatic reenactments paired with archival sources artfully illustrate how police brought some of Britain's most infamous killers to justice.
s1130,Secrets of Great British Castles,TV Show,United Kingdom,TV-PG,"British TV Shows, Docuseries, International TV Shows",Join historian Dan Jones on a journey back in time to the zenith of Britain's most iconic structures and their infamous inhabitants.
s1167,The Irregulars,TV Show,United Kingdom,TV-14,"British TV Shows, Crime TV Shows, International TV Shows","A crew of misfits investigates a series of supernatural crimes in Victorian London for Dr. Watson and his shadowy associate, Sherlock Holmes."
s1207,Zero Chill,TV Show,United Kingdom,TV-G,"British TV Shows, Kids' TV, TV Dramas","Talented teen figure skater Kayla is forced to leave everything behind when her family follows her twin brother, Mac, to a prestigious hockey academy."
s1218,The One,TV Show,United Kingdom,TV-MA,"British TV Shows, Crime TV Shows, International TV Shows","Love — and lies — spiral when a DNA researcher helps discover a way to find the perfect partner, and creates a bold new matchmaking service."
s1302,Behind Her Eyes,TV Show,United Kingdom,TV-MA,"British TV Shows, International TV Shows, TV Dramas",A single mother enters a world of twisted mind games when she begins an affair with her psychiatrist boss while secretly befriending his mysterious wife.
s1318,Nadiya Bakes,TV Show,United Kingdom,TV-G,"British TV Shows, International TV Shows, Reality TV","Delightful cakes and heavenly breads pop from the oven as Nadiya Hussain returns to baking, her happy place, and spotlights creative kindred spirits."
s1420,Last Tango in Halifax,TV Show,United Kingdom,TV-MA,"British TV Shows, Romantic TV Shows, TV Dramas",Two widowed childhood sweethearts fall for each other all over again when they are reunited over the Internet after nearly 60 years.
s1428,Inside the World’s Toughest Prisons,TV Show,United Kingdom,TV-MA,"British TV Shows, Crime TV Shows, Docuseries","Investigative journalist Paul Connolly becomes a voluntary inmate in the world's most volatile prisons, where intimidation and brutality rule."
s1481,Still Game,TV Show,United Kingdom,TV-14,"British TV Shows, Classic & Cult TV, International TV Shows","Scottish pensioners Jack and Victor make the most of their golden years, getting themselves into all kinds of scrapes in their Glasgow suburb."
s1507,Shaun the Sheep,TV Show,"United Kingdom, Finland, Germany, United States, Australia, Japan, France, Ireland",TV-Y,"British TV Shows, Kids' TV, TV Comedies","Join freewheeling Shaun for barnyard misadventures with his cousin Timmy, giant sheepdog Bitzer, jealous cat Pidsley and fellow sheep Shirley."
s1509,Timmy Time,TV Show,United Kingdom,TV-Y,"British TV Shows, Kids' TV","This delightful animated series centers on impish lamb Timmy as he enters nursery school, where he learns about sharing, responsibility and fairness."
s1528,Morphle,TV Show,Netherlands,TV-Y,"British TV Shows, Kids' TV","Little Mila turns playtime into a series of fun and educational adventures with her magical pet Morphle, who transforms into anything she dreams up!"
s1542,The Ripper,TV Show,United Kingdom,TV-MA,"British TV Shows, Crime TV Shows, Docuseries","In the late 1970s, British police struggle to identify — let alone capture — the serial killer known throughout the world as the Yorkshire Ripper."
s1604,Alien Worlds,TV Show,United Kingdom,TV-PG,"British TV Shows, Docuseries, International TV Shows","Applying the laws of life on Earth to the rest of the galaxy, this series blends science fact and fiction to imagine alien life on other planets."
s1619,Octonauts,TV Show,"United States, Ireland, United Kingdom, India",TV-Y,"British TV Shows, Kids' TV",A team of brave underwater explorers known as the Octonauts combs the world's oceans for aquatic creatures in desperate need of assistance.
s1629,The Repair Shop,TV Show,United Kingdom,TV-PG,"British TV Shows, Reality TV",Expert artisans restore timeworn family heirlooms with touching sentimental value while also uncovering their uniquely rich histories.
s1699,The Crown,TV Show,"United Kingdom, United States",TV-MA,"British TV Shows, International TV Shows, TV Dramas",This drama follows the political rivalries and romance of Queen Elizabeth II's reign and the events that shaped the second half of the 20th century.
s1848,Fireman Sam,TV Show,United Kingdom,TV-Y,"British TV Shows, Kids' TV","Sharing valuable lessons in fire safety for preschoolers, Fireman Sam and his animated crew from Pontypandy, Wales, are ready for any emergency."
s1886,Bad Boy Billionaires: India,TV Show,India,TV-14,"British TV Shows, Docuseries, International TV Shows","This investigative docuseries explores the greed, fraud and corruption that built up — and ultimately brought down — India’s most infamous tycoons."
s1992,Criminal: UK,TV Show,"United Kingdom, France, Germany, Spain",TV-MA,"British TV Shows, Crime TV Shows, International TV Shows","Within the walls of an interrogation room and with time running out, London investigators go after three suspects, each accused of a grievous crime."
s1999,Call the Midwife,TV Show,United Kingdom,TV-MA,"British TV Shows, International TV Shows, TV Dramas",This period drama set in impoverished East London in the 1950s follows a newly qualified midwife and her colleagues at a nursing convent.
s2007,Buddi,TV Show,"United Kingdom, China",TV-Y,"British TV Shows, Kids' TV","The Buddis bounce, spin, glide — and giggle! — through their magical world, learning new things and sharing the joy of friendship."
s2014,The Duchess,TV Show,United Kingdom,TV-MA,"British TV Shows, International TV Shows, TV Comedies","Katherine's a single mom juggling her career, her tween daughter, her relationship with her boyfriend — and pondering getting pregnant with her ex."
s2081,Thomas and Friends,TV Show,United Kingdom,TV-Y,"British TV Shows, Classic & Cult TV, Kids' TV","This animated children's series follows the adventures of Thomas, a cheerful blue tank engine who lives on the island of Sodor."
s2086,I AM A KILLER: RELEASED,TV Show,"United Kingdom, United States",TV-MA,"British TV Shows, Crime TV Shows, Docuseries","In this crime docuseries spinoff, a convict is paroled 30 years after being sentenced to death for murder. Then he makes a stunning confession."
s2185,Get Even,TV Show,United Kingdom,TV-PG,"British TV Shows, Crime TV Shows, International TV Shows","In a secret act of skillful revenge, four private school classmates team up and work together to expose a string of schoolwide injustices."
s2224,Killer Women with Piers Morgan,TV Show,United Kingdom,TV-MA,"British TV Shows, Crime TV Shows, Docuseries","Journalist Piers Morgan goes behind prison walls to speak with women convicted of shocking crimes, shedding light on what drove them to murder."
s2239,Sunny Bunnies,TV Show,Belarus,TV-Y,"British TV Shows, Kids' TV, TV Comedies","Furry little bunnies hop through wild adventures as they find solutions, fun and sometimes mischief wherever there is light."
s2306,21 Again,TV Show,United Kingdom,TV-MA,"British TV Shows, Reality TV","In a social experiment, a group of daughters sends their mothers, disguised as 21-year-olds, into the world to experience life as a member of Gen Z."
s2344,Crazy Delicious,TV Show,United Kingdom,TV-PG,"British TV Shows, International TV Shows, Reality TV","In this competition show, daring home chefs tempt the food gods with reinvented classics and fanciful feasts in their quest to win a golden apple."
s2477,History 101,TV Show,United Kingdom,TV-14,"British TV Shows, Docuseries, International TV Shows","Infographics and archival footage deliver bite-size history lessons on scientific breakthroughs, social movements and world-changing discoveries."
s2515,The Big Flower Fight,TV Show,United Kingdom,TV-PG,"British TV Shows, International TV Shows, Reality TV","Ten pairs of florists, sculptors and garden designers face off in a friendly floral fight to see who can build the biggest, boldest garden sculptures."
s2531,White Lines,TV Show,"United Kingdom, Spain",TV-MA,"British TV Shows, Crime TV Shows, International TV Shows","Zoe Walker leaves her quiet life behind to investigate her brother's disappearance in Ibiza, where she quickly heads down a decadent and dangerous path."
s2610,Nadiya’s Time to Eat,TV Show,United Kingdom,TV-G,"British TV Shows, International TV Shows, Reality TV","On this cooking show, Nadiya Hussain serves up delicious shortcuts, vital ingredients and fast favorites — perfect for today's time-strapped families."
s2629,The Last Kingdom,TV Show,United Kingdom,TV-MA,"British TV Shows, International TV Shows, TV Action & Adventure","As Alfred the Great defends his kingdom from Norse invaders, Uhtred – born a Saxon but raised by Vikings – seeks to claim his ancestral birthright."
s2641,After Life,TV Show,United Kingdom,TV-MA,"British TV Shows, International TV Shows, TV Comedies","Struggling to come to terms with his wife's death, a writer for a newspaper adopts a gruff new persona in an effort to push away those trying to help."
s2658,Win the Wilderness,TV Show,United Kingdom,TV-14,"British TV Shows, International TV Shows, Reality TV","Six couples compete to prove they've got the survival skills to win the deed to an extraordinary home deep in the vast, rugged wilderness of Alaska."
s2737,Man Like Mobeen,TV Show,United Kingdom,TV-MA,"British TV Shows, International TV Shows, TV Comedies","Mobeen is trying to be a good friend, follow the faith and raise his teenage sister. Yet his past – and everyday life – complicates matters."
s2743,Sunderland 'Til I Die,TV Show,United Kingdom,TV-MA,"British TV Shows, Docuseries, International TV Shows",This docuseries follows English soccer club Sunderland through the 2017-18 season as they try to bounce back after relegation from the Premier League.
s2747,The Windsors,TV Show,United Kingdom,TV-MA,"British TV Shows, International TV Shows, TV Comedies",The all-too-public trials and tribulations of England's royal family are reimagined as an over-the-top comedic soap opera.
s2794,The English Game,TV Show,United Kingdom,TV-14,"British TV Shows, International TV Shows, TV Dramas",Two 19th-century footballers on opposite sides of a class divide navigate professional and personal turmoil to change the game — and England — forever.
s2795,The Letter for the King,TV Show,United Kingdom,TV-PG,"British TV Shows, International TV Shows, TV Action & Adventure","A young knight in training contends with ancient prophecies, magical powers and fickle companions as he sets out on an epic quest to save his kingdom."
s2808,Shaun the Sheep: Adventures from Mossy Bottom,TV Show,"United Kingdom, United States, Ireland",TV-Y7,"British TV Shows, Kids' TV, TV Comedies","Clever sheep Shaun, loyal dog Bitzer and the rest of the Mossy Bottom gang cook up oodles of fun and mischief on the farm."
s2980,THE STRANGER,TV Show,United Kingdom,TV-MA,"British TV Shows, Crime TV Shows, International TV Shows","When a stranger makes a shocking claim about his wife, family man Adam Price becomes entangled in a mystery as he desperately searches for answers."
s3035,Giri / Haji,TV Show,United Kingdom,TV-MA,"British TV Shows, Crime TV Shows, International TV Shows",Family duty sends a lawman to London to look for his mob-assassin brother as a yakuza war threatens to engulf Tokyo. Trust is even tougher to find.
s3046,Dracula,TV Show,United Kingdom,TV-14,"British TV Shows, International TV Shows, TV Dramas",The Count Dracula legend transforms with new tales that flesh out the vampire's gory crimes – and bring his vulnerability into the light.
s3295,Greatest Events of WWII in Colour,TV Show,United Kingdom,TV-14,"British TV Shows, Docuseries, International TV Shows","From the attack on Pearl Harbor to D-Day, the most pivotal events of World War II come to life in this vivid docuseries featuring colorized footage."
s3307,The End of the F***ing World,TV Show,United Kingdom,TV-MA,"British TV Shows, International TV Shows, TV Comedies",A budding teen psychopath and a rebel hungry for adventure embark on a star-crossed road trip in this darkly comic series based on a graphic novel.
s3311,Meet the Adebanjos,TV Show,United Kingdom,TV-PG,"British TV Shows, International TV Shows, TV Comedies","In South London, tradition clashes with culture as a Nigerian father tries to instill his old-fashioned African values into his modern British family."
s3401,Interior Design Masters,TV Show,United Kingdom,TV-PG,"British TV Shows, International TV Shows, Reality TV",Aspiring interior designers transform a variety of spaces from dowdy to delightful as they vie for a life-changing contract with a top London hotel.
s3402,Little Baby Bum: Nursery Rhyme Friends,TV Show,United Kingdom,TV-Y,"British TV Shows, Kids' TV","Twinkle, Mia, Jacus and the rest of the Nursery Rhyme Friends perform catchy tunes for the little ones."
s3450,Creeped Out,TV Show,"United Kingdom, Canada",TV-PG,"British TV Shows, Kids' TV, TV Thrillers","A masked figure known as ""The Curious"" collects tales of dark magic, otherworldly encounters and twisted technology in this kids anthology series."
s3453,Peaky Blinders,TV Show,United Kingdom,TV-MA,"British TV Shows, Crime TV Shows, International TV Shows","A notorious gang in 1919 Birmingham, England, is led by the fierce Tommy Shelby, a crime boss set on moving up in the world no matter the cost."
s3503,Criminal: Germany,TV Show,Germany,TV-MA,"British TV Shows, Crime TV Shows, International TV Shows","In the interview room, detectives go head-to-head with suspects and try to get to the truth – even if it means breaking the rules and risking it all."
s3504,Criminal: Spain,TV Show,Spain,TV-MA,"British TV Shows, Crime TV Shows, International TV Shows","Psychological games abound between detectives and suspects in a tense interrogation room, where the search for answers sometimes comes at a moral cost."
s3544,Serial Killer with Piers Morgan,TV Show,United Kingdom,TV-14,"British TV Shows, Crime TV Shows, Docuseries","Through intense prison interviews, Piers Morgan revisits the crimes of three convicted serial killers and learns more about their motives."
s3547,Luo Bao Bei,TV Show,"China, United Kingdom",TV-Y,"British TV Shows, Kids' TV","A bright and spirited seven-year-old girl uses her vivid, dreamlike imagination to navigate everyday adventures alongside her real and imaginary BFFs."
s3559,Million Pound Menu,TV Show,United Kingdom,TV-MA,"British TV Shows, International TV Shows, Reality TV",Next-gen restaurateurs get the chance to open their own pop-up eateries to impress the paying public – and a panel of discerning U.K. investors.
s3643,Another Life,TV Show,United States,TV-MA,"British TV Shows, International TV Shows, TV Action & Adventure","After a massive alien artifact lands on Earth, Niko Breckinridge leads an interstellar mission to track down its source and make first contact."
s3681,Free Rein,TV Show,United States,TV-G,"British TV Shows, Kids' TV, TV Dramas","A 15-year-old from LA spends the summer at her mom's childhood home on an island off the coast of England, where she bonds with a mysterious horse."
s3751,Leila,TV Show,India,TV-MA,"British TV Shows, International TV Shows, TV Dramas","In a near-future world where an oppressive regime segregates society, one woman skirts the system to search for the daughter taken from her years ago."
s3775,Black Mirror,TV Show,United Kingdom,TV-MA,"British TV Shows, International TV Shows, TV Dramas","This sci-fi anthology series explores a twisted, high-tech near-future where humanity's greatest innovations and darkest instincts collide."
s3818,White Gold,TV Show,United Kingdom,TV-MA,"British TV Shows, International TV Shows, TV Comedies","In 1980s Essex, cocky salesman Vincent Swan and his unscrupulous team will do anything to get the sale – including throwing honesty out the window."
s3822,Dennis and Gnasher Unleashed,TV Show,United Kingdom,TV-Y,"British TV Shows, Kids' TV, TV Comedies","Fearless Dennis, his loyal dog Gnasher and best friends Rubi, JJ and Pieface quench their thirst for adventure by wreaking havoc all over Beanotown."
s3937,Derek,TV Show,United Kingdom,TV-MA,"British TV Shows, International TV Shows, TV Comedies",Ricky Gervais created and stars in this heartwarming comedy-drama series as a loyal English nursing home caretaker who sees only the good in everyone.
s3962,Pablo,TV Show,United Kingdom,TV-Y,"British TV Shows, Kids' TV","Equipped with crayons and his creativity, a boy with autism draws an imaginary world where his animal pals help him tackle real-life situations."
s3970,Traitors,TV Show,United Kingdom,TV-MA,"British TV Shows, International TV Shows, TV Dramas","As World War II ends, a young English woman agrees to help an enigmatic American agent root out Russian infiltration of the British government."
s4015,Robozuna,TV Show,United Kingdom,TV-Y7,"British TV Shows, Kids' TV",A boy and his homemade robot enter the toughest competition in the universe while attempting to free their oppressed home from an evil empire.
s4017,Turn Up Charlie,TV Show,United Kingdom,TV-MA,"British TV Shows, International TV Shows, TV Comedies",A down-and-out DJ plots to rebuild his music career while working as a nanny for his famous best friend's wild 11-year-old daughter.
s4090,The Big Family Cooking Showdown,TV Show,United Kingdom,TV-PG,"British TV Shows, International TV Shows, Reality TV","In this unscripted series, families passionate about food serve up their most delicious dishes for the chance to be crowned Britain's best home cooks."
s4130,Safe,TV Show,United Kingdom,TV-MA,"British TV Shows, Crime TV Shows, International TV Shows","After his teenage daughter goes missing, a widowed surgeon in an affluent neighborhood begins unearthing dark secrets about the people closest to him."
s4167,Black Earth Rising,TV Show,United Kingdom,TV-MA,"British TV Shows, International TV Shows, TV Dramas","Adopted by a human rights attorney after the Rwandan genocide, legal investigator Kate Ashby confronts her past when she takes on war crimes cases."
s4184,The World's Most Extraordinary Homes,TV Show,United Kingdom,TV-G,"British TV Shows, Docuseries, International TV Shows",Award-winning architect Piers Taylor and actress/property enthusiast Caroline Quentin travel the world to tour unconventional homes in extreme places.
s4203,Horrid Henry,TV Show,United Kingdom,TV-Y7,"British TV Shows, Kids' TV, TV Comedies","To his family's frustration, Henry is skilled at making trouble, from babysitting pets in his bedroom to starting a shark panic at the swimming pool."
s4263,Watership Down,TV Show,"United Kingdom, Ireland, United States",TV-PG,"British TV Shows, International TV Shows, TV Action & Adventure",A warren of rabbits battles many threats on their daring journey to find a new home in this adaptation of the classic novel by Richard Adams.
s4265,People Just Do Nothing,TV Show,United Kingdom,TV-MA,"British TV Shows, TV Comedies",Spinning old-school beats is just another day at the office for the naive DJs of a pirate radio station who juggle family life with their passion.
s4297,Flowers,TV Show,United Kingdom,TV-MA,"British TV Shows, International TV Shows, TV Comedies","Between a troubled marriage, a senile granny and twin siblings constantly in rivalry, a crumbling household struggles to barely keep it together."
s4368,Sick Note,TV Show,United Kingdom,TV-MA,"British TV Shows, International TV Shows, TV Comedies","After slacker Daniel Glass is misdiagnosed with cancer, his lies lead him into an absurd web of fraud, blackmail, suspicion and misadventure."
s4502,Wanderlust,TV Show,United Kingdom,TV-MA,"British TV Shows, International TV Shows, Romantic TV Shows","Unable to revive their fading sex life after many years of marriage, a therapist and her husband decide to start dating other people."
s4509,Stunt Science,TV Show,United Kingdom,TV-MA,"British TV Shows, International TV Shows, Reality TV","When it comes to daring stunts and outrageous pranks, we often wonder: What were they thinking? This high-octane series tries to find some answers."
s4543,Monty Python Best Bits (mostly),TV Show,United Kingdom,TV-MA,"British TV Shows, Docuseries, TV Comedies","Prominent comedians pay tribute to Monty Python's best work in this five-part series, along with selected clips of sketches."
s4550,Monty Python's Almost the Truth,TV Show,United Kingdom,TV-MA,"British TV Shows, Docuseries","The legacy of comedy group Monty Python, whose irreverent brand of humor has tickled the ribs of millions, is explored in this documentary."
s4552,Monty Python's Flying Circus,TV Show,United Kingdom,TV-14,"British TV Shows, Classic & Cult TV, International TV Shows","The Monty Python players make their mark with a winning mix of wit, ingenuity and brilliant timing – and a penchant for mockery and cross-dressing."
s4554,Monty Python's Personal Best,TV Show,"United States, United Kingdom",TV-MA,"British TV Shows, TV Comedies",Original members of the iconic Monty Python comedy troupe pick their all-time favorite sketches from their groundbreaking television series.
s4609,Three Wives One Husband,TV Show,United Kingdom,TV-14,"British TV Shows, International TV Shows, Reality TV","A film crew captures a year in the life of modern polygamist families at Rockland Ranch, a community for fundamentalist Mormons in the Utah desert."
s4690,The Innocents,TV Show,United Kingdom,TV-MA,"British TV Shows, International TV Shows, Romantic TV Shows",Runaway teen lovers June and Harry find themselves swept up in a dangerous and confusing new world when June begins to display mysterious abilities.
s4759,Amazing Interiors,TV Show,United Kingdom,TV-PG,"British TV Shows, International TV Shows, Reality TV","Meet eccentric homeowners whose seemingly ordinary spaces are full of surprises, from a backyard roller coaster to an indoor aquarium."
s4778,Baby Ballroom,TV Show,United Kingdom,TV-MA,"British TV Shows, International TV Shows, Reality TV","Step into the cutthroat world of kids' ballroom dancing, where ambitious instructors, proud parents and pint-sized performers waltz to win."
s4808,Churchill’s Secret Agents: The New Recruits,TV Show,United Kingdom,TV-MA,"British TV Shows, International TV Shows, Reality TV","In this history-steeped reality series, 14 contestants undergo the same rigorous four-day selection process as Britain's top-secret World War II spies."
s4810,Kiss Me First,TV Show,"United Kingdom, United States",TV-MA,"British TV Shows, Crime TV Shows, International TV Shows",A lonely young woman hooked on a virtual reality game befriends a party girl who leads her into a world of new thrills and dark secrets.
s4942,Troy,TV Show,"United Kingdom, South Africa, Australia, United States",TV-MA,"British TV Shows, International TV Shows, Romantic TV Shows","Searching for the woman promised to him by Aphrodite, herdsman Paris learns his true identity and falls for Helen of Sparta, igniting the Trojan War."
s4952,Loaded,TV Show,United Kingdom,TV-MA,"British TV Shows, International TV Shows, TV Comedies",Four friends become overnight millionaires after selling their video game start-up. But their newfound status tests their friendship and resolve.
s4958,Doctor Foster,TV Show,United Kingdom,TV-MA,"British TV Shows, International TV Shows, Romantic TV Shows","When she suspects her husband is cheating on her, Dr. Gemma Foster starts an investigation that leads her down a dark path of obsession."
s4969,James Acaster: Repertoire,TV Show,United Kingdom,TV-14,"British TV Shows, International TV Shows, Stand-Up Comedy & Talk Shows","Offbeat comic James Acaster covers the strange, the mundane and everything in between in this collection of four wide-ranging stand-up specials."
s4974,Requiem,TV Show,United Kingdom,TV-MA,"British TV Shows, International TV Shows, TV Dramas","In the wake of a sudden tragedy, a London cellist unearths secrets that link her mother to the disappearance of a young girl in a small Welsh town."
s4993,Collateral,TV Show,"United Kingdom, United States",TV-MA,"British TV Shows, Crime TV Shows, International TV Shows","Investigating the murder of a pizza delivery man, a London detective uncovers a tangled conspiracy involving drug dealers, smugglers and spies."
s5031,Hitler's Circle of Evil,TV Show,United Kingdom,TV-14,"British TV Shows, Docuseries, International TV Shows","Surviving power struggles, betrayals and plots, Hitler's inner circle of Nazi leaders seizes control of Germany and designs its disastrous future."
s5033,The Frankenstein Chronicles,TV Show,United Kingdom,TV-MA,"British TV Shows, Crime TV Shows, International TV Shows","A detective tracks what seems to be a killer with a taste for dismemberment in 1827 London, but the case leads in a far more terrifying direction."
s5058,Retribution,TV Show,United Kingdom,TV-MA,"British TV Shows, Crime TV Shows, International TV Shows",A dark web of secrets and lies emerges when a newlywed couple is killed and detectives question their feuding families.
s5098,Lovesick,TV Show,United Kingdom,TV-MA,"British TV Shows, International TV Shows, Romantic TV Shows","In his quest for true love, Dylan found chlamydia. Joined by friends Evie and Luke, he relives past encounters as he notifies all his former partners."
s5112,Myths & Monsters,TV Show,United Kingdom,TV-PG,"British TV Shows, Docuseries",This documentary series takes us to the mythic landscapes of Europe to explore some of most enduring legends produced by European culture.
s5150,Man Down,TV Show,United Kingdom,TV-MA,"British TV Shows, International TV Shows, TV Comedies","A childish idiot trapped in an adult's body, schoolteacher Dan hates his job, hates his girlfriend-less life and has good reason to fear his dad."
s5151,Broadchurch,TV Show,United Kingdom,TV-MA,"British TV Shows, Crime TV Shows, International TV Shows","After a young boy is murdered in the small seaside town of Broadchurch, local detectives Ellie Miller and Alec Hardy are assigned the mysterious case."
s5207,W1A,TV Show,United Kingdom,TV-MA,"British TV Shows, TV Comedies","The new Head of Values at the BBC deals with redefining the company's purpose, events like the arrival of Prince Charles and issues with new programs."
s5252,The Royal House of Windsor,TV Show,United Kingdom,TV-MA,"British TV Shows, Docuseries, International TV Shows","Drawing on newly available info, this show traces how the British royal family has survived the last 100 years of power struggles, politics and more."
s5258,Paul Hollywood's Big Continental Road Trip,TV Show,United Kingdom,TV-14,"British TV Shows, Docuseries, International TV Shows","Gear up for a fast-paced journey as celebrity chef and avid auto enthusiast Paul Hollywood takes in the cars and culture of France, Italy and Germany."
s5364,The IT Crowd,TV Show,United Kingdom,TV-MA,"British TV Shows, Classic & Cult TV, International TV Shows","Aided by a tech-illiterate manager, a pair of basement-dwelling dweebs makes the most of life in IT at a corporation run by a cloddish new owner."
s5366,Vexed,TV Show,United Kingdom,TV-MA,"British TV Shows, Crime TV Shows, International TV Shows",Charming slacker DI Jack Armstrong and driven professional DI Kate Bishop try to solve crimes together without driving each other crazy.
s5367,World War II in Colour,TV Show,United Kingdom,TV-MA,"British TV Shows, Docuseries, International TV Shows",Footage of the most dramatic moments from World War II is restored in color and high definition for this historical documentary series.
s5398,Learning Songs by Little Baby Bum: Nursery Rhyme Friends,TV Show,United Kingdom,TV-Y,"British TV Shows, Kids' TV","Simple songs mix with colorful animation to teach youngsters about concepts such as animals, vehicles, numbers, colors and more."
s5445,Crashing,TV Show,United Kingdom,TV-MA,"British TV Shows, International TV Shows, Romantic TV Shows","In exchange for low rent, a hodgepodge group of 20-something tenants set up residence as property guards in a disused hospital, where hilarity ensues."
s5556,Hoff the Record,TV Show,United Kingdom,TV-MA,"British TV Shows, TV Comedies","TV star David Hasselhoff hopes to reboot his career in the U.K., but both his comeback plans and his personal life keep going off the rails."
s5559,Bottersnikes & Gumbles,TV Show,"United States, United Kingdom, Australia",TV-Y7,"British TV Shows, Kids' TV",The fun-loving Gumbles bounce and play while staying away from the foul-smelling Bottersnikes who live in a nearby junkyard.
s5663,Crazyhead,TV Show,United Kingdom,TV-MA,"British TV Shows, International TV Shows, TV Comedies",Bowling alley worker Amy and nonconformist Raquel kick some serious demon butt while also facing their inner demons as they navigate their early 20s.
s5675,Merlin,TV Show,United Kingdom,TV-PG,"British TV Shows, International TV Shows, TV Action & Adventure","This family-oriented retelling of the King Arthur legend finds Merlin arriving in Camelot, where he hones his magic skills with the help of his uncle."
s5717,Paranoid,TV Show,United Kingdom,TV-MA,"British TV Shows, Crime TV Shows, International TV Shows","When a woman is brutally murdered on a playground, a group of detectives find themselves drawn into a dark conspiracy as they search for the killer."
s5724,Danger Mouse,TV Show,United Kingdom,TV-Y7,"British TV Shows, Kids' TV",The world's greatest super-spy returns to save the world with the help of hapless hamster Penfold and a collection of state-of-the-art gadgetry.
s5802,Conspiracy,TV Show,United Kingdom,TV-14,"British TV Shows, Docuseries","Skeptics and others discuss widely held conspiracy theories involving aliens, government cover-ups, secret assassinations and other intrigues."
s5803,Dead Set,TV Show,United Kingdom,TV-MA,"British TV Shows, TV Horror, TV Thrillers","While the housemates in the Big Brother house remain oblivious, fast-moving hordes of the undead decimate the studio compound."
s5807,Witches: A Century of Murder,TV Show,United Kingdom,TV-14,"British TV Shows, Crime TV Shows, Docuseries","Historian Suzannah Lipscomb investigates the witch hunts that plagued Britain in the 17th century, examining common myths about their origin."
s5812,Behind Enemy Lines,TV Show,United States,TV-14,"British TV Shows, Docuseries","After dire setbacks in 1940, Winston Churchill commissions a new kind of fighting force: commandos trained to use stealth and audacious tactics."
s5813,Caught on Camera,TV Show,United Kingdom,TV-MA,"British TV Shows, Crime TV Shows, Docuseries","Nick Wallis presents crimes caught on CCTV, cell phones and other devices and reveals how investigators use the recordings to solve tough cases."
s5823,Cocaine,TV Show,United Kingdom,TV-14,"British TV Shows, Crime TV Shows, Docuseries","Three films chronicle the cocaine trade's sweeping impact on the citizens of Peru, Brazil and Colombia, from poor farmers to powerful drug lords."
s5824,Edge of the Universe,TV Show,United Kingdom,TV-G,"British TV Shows, Docuseries, Science & Nature TV","Leading astronomers reveal the latest discoveries about death-trap planets, asteroids, comets and other wonders of the cosmos."
s5909,Danger Mouse: Classic Collection,TV Show,United Kingdom,TV-Y,"British TV Shows, Kids' TV, TV Comedies","Follow the adventures of superspy Danger Mouse and his bumbling sidekick, Penfold, as they jet around the world foiling their enemies' evil plots."
s5985,100% Hotter,TV Show,United Kingdom,TV-14,"British TV Shows, International TV Shows, Reality TV","A stylist, a hair designer and a makeup artist team up to give Britain's biggest fashion disasters some much-needed makeunders."
s6027,9 Months That Made You,TV Show,United States,TV-PG,"British TV Shows, Docuseries, Science & Nature TV","Witness the wonders of human gestation through cutting-edge CGI, and learn how those nine months inside the womb can affect all aspects of one's life."
s6067,A Young Doctor's Notebook and Other Stories,TV Show,United Kingdom,TV-MA,"British TV Shows, TV Comedies, TV Dramas","Set during the Russian Revolution, this comic miniseries is based on a doctor's memories of his early career working in an out-of-the-way village."
s6095,Africa,TV Show,United Kingdom,TV-PG,"British TV Shows, Docuseries, International TV Shows","This five-part nature series chronicles fascinating stories of survival on the African continent, home to the most diverse animal life on the planet."
s6101,Age Gap Love,TV Show,United Kingdom,TV-MA,"British TV Shows, Reality TV, Romantic TV Shows","Despite the social backlash and challenges that come with intergenerational romance, these couples choose to stick together through thick and thin."
s6106,Ainsley Eats the Streets,TV Show,United Kingdom,TV-PG,"British TV Shows, Docuseries, International TV Shows",Celebrity chef Ainsley Harriott embarks on a journey around the world to explore the relationship between local street foods and cultural identity.
s6214,Bad Education,TV Show,United Kingdom,TV-MA,"British TV Shows, TV Comedies","A history teacher at the posh Abbey Grove, Alfie Wickers is something truly special: He's his school's, if not England's, single worst educator."
s6254,Battlefield Recovery,TV Show,United Kingdom,TV-PG,"British TV Shows, Docuseries, Reality TV",A four-man team heads to Latvia and Poland to unearth rare World War II artifacts and shed new light on the bloody battles of the Eastern Front.
s6305,"Big Dreams, Small Spaces",TV Show,United Kingdom,TV-G,"British TV Shows, International TV Shows, Reality TV",Writer and presenter Monty Don helps England's budding horticulturists plant and grow the gardens of their dreams.
s6342,Blue Planet II,TV Show,United Kingdom,TV-G,"British TV Shows, Docuseries, Science & Nature TV","This sequel to the award-winning nature series ""Blue Planet"" dives beneath Earth's oceans to reveal the dazzling vistas and amazing creatures there."
s6362,Borderline,TV Show,United Kingdom,TV-14,"British TV Shows, TV Comedies",A team of inept border agents tackles immigration issues at the fictional Northend Airport in this improvised mockumentary series.
s6365,Botched Up Bodies,TV Show,United Kingdom,TV-MA,"British TV Shows, Docuseries, International TV Shows","From lifting saggy skin to repairing shoddy breast enhancements, plastic surgeons tackle extreme fixer-uppers."
s6394,Burnistoun,TV Show,United Kingdom,TV-MA,"British TV Shows, TV Comedies","This sketch series focuses on the eccentric characters in a small Scottish town, including bumbling cops, ""DJ Jesus"" and a disgruntled serial killer."
s6399,Cabins in the Wild with Dick Strawbridge,TV Show,United Kingdom,TV-PG,"British TV Shows, International TV Shows, Reality TV","Engineer Dick Strawbridge and craftsman Will Hardie tour eight unique cabins built for a pop-up hotel in Wales, and construct No. 9 on their own."
s6460,Chewin' the Fat,TV Show,United Kingdom,TV-14,"British TV Shows, TV Comedies","Petty criminals, dodgy decorators, full-bore Glaswegians and oddball documentary presenters converge in this sketch show that parodies Scottish life."
s6461,Chewing Gum,TV Show,United Kingdom,TV-MA,"British TV Shows, International TV Shows, Romantic TV Shows","The virginal Tracey, who was raised in a strictly religious Tower Hamlets flat, is ready to realize her potential. And the first step is having sex."
s6488,City in the Sky,TV Show,United Kingdom,TV-PG,"British TV Shows, Docuseries, Science & Nature TV","This series explores the magnitude and scale of modern air travel, and the challenges faced by those responsible for its smooth functioning."
s6491,Civilizations,TV Show,United Kingdom,TV-14,"British TV Shows, Docuseries","Expanding Kenneth Clark's 1969 ""Civilisation"" series for a new generation, this reboot explores the art of cultures around the world, throughout time."
s6499,Click for Murder,TV Show,United Kingdom,TV-14,"British TV Shows, Crime TV Shows, Docuseries",Crime journalist Donal MacIntyre reveals how deadly the internet can be as he dissects the technological methods behind heinous acts.
s6550,Dad's Army,TV Show,United Kingdom,TV-PG,"British TV Shows, Classic & Cult TV, TV Comedies",This beloved sitcom follows the unlikely heroes of the volunteer British Home Guard as they prepare for German invasion in World War II.
s6561,Dangerous Roads,TV Show,United Kingdom,TV-MA,"British TV Shows, Docuseries","Using various 4x4 vehicles, celebrities steer their way across some of the most infamous roads and trickiest terrains on earth."
s6660,Earth's Natural Wonders,TV Show,United Kingdom,TV-PG,"British TV Shows, Docuseries, Science & Nature TV",Earth's most sublime landscapes can also be the most forbidding. Discover how inhabitants survive and flourish in our planet's harshest environments.
s6696,Encounters with Evil,TV Show,United Kingdom,TV-14,"British TV Shows, Crime TV Shows, Docuseries","This documentary series tries to get at the root of some of the most heinous crimes ever committed by deranged, cold-blooded criminals."
s6715,Everyday Miracles,TV Show,United Kingdom,TV-PG,"British TV Shows, Docuseries, International TV Shows",Materials scientist Mark Miodownik takes us into the world of everyday objects that make our lives more comfortable than those of our ancestors.
s6725,Extras,TV Show,"United Kingdom, United States",TV-MA,"British TV Shows, TV Comedies","Grasping hungrily for stardom, bit actor Andy Millman and his pal Maggie spend their days chasing after work as film and TV extras."
s6733,Fake or Fortune?,TV Show,United Kingdom,TV-G,"British TV Shows, Crime TV Shows, Docuseries",Fiona Bruce and Philip Mould use investigative skills and scientific techniques to determine if paintings are real or just impressive forgeries.
s6743,Father Brown,TV Show,United Kingdom,TV-14,"British TV Shows, Crime TV Shows, TV Dramas","A modest, compassionate priest doubles as an effective crime solver in this series based on the short stories by G.K. Chesterton."
s6786,Forces of Nature,TV Show,United Kingdom,TV-PG,"British TV Shows, Docuseries, Science & Nature TV","This dynamic series spans the globe to explain the complex natural forces that govern the planet, from shape and color to motion and the elements."
s6811,Frozen Planet,TV Show,"United Kingdom, United States, Spain, Germany, Greece, Canada",TV-PG,"British TV Shows, Docuseries, International TV Shows",Go on a journey through the Arctic and Antarctic with this visually stunning program that explores these wildernesses and their inhabitants.
s6835,Genius of the Ancient World,TV Show,United Kingdom,TV-PG,"British TV Shows, Docuseries, International TV Shows","Historian Bettany Hughes travels to India, Greece and China to explore the lives and times of Buddha, Socrates and Confucius."
s6836,Genius of the Modern World,TV Show,United Kingdom,TV-PG,"British TV Shows, Docuseries, International TV Shows","Historian Bettany Hughes explores the intellectual landscapes that helped shape the work of Karl Marx, Friedrich Nietzsche and Sigmund Freud."
s6890,Grand Designs,TV Show,United Kingdom,TV-14,"British TV Shows, International TV Shows, Reality TV","Host Kevin McCloud presents people who take self-building houses to a new level, following every step of their ambitious plans from beginning to end."
s6895,Great Interior Design Challenge,TV Show,United Kingdom,TV-PG,"British TV Shows, International TV Shows, Reality TV","In this reality series, amateur interior designers on tight budgets test their mettle transforming rooms with speed and style."
s6923,Happy Valley,TV Show,United Kingdom,TV-MA,"British TV Shows, Crime TV Shows, International TV Shows","Yorkshire police sergeant Catherine Cawood pursues the man who assaulted her late daughter, unaware he is now part of a secret kidnapping plot."
s6931,Harold Shipman - Driven to Kill,TV Show,United Kingdom,TV-14,"British TV Shows, Crime TV Shows, Docuseries","Interviews and dramatic reconstructions illuminate the twisted motivations and brazen crimes of serial killer and respected physician, Harold Shipman."
s6972,Hinterland,TV Show,United Kingdom,TV-14,"British TV Shows, Crime TV Shows, International TV Shows","Forsaking London for the rustic landscapes of Wales, a police detective with a troubled soul finds himself in a place with secrets as dark as his own."
s6977,History's Greatest Hoaxes,TV Show,Australia,TV-PG,"British TV Shows, Docuseries","Using previously unseen footage, this documentary series offers new insights into some of the biggest scams and forgeries in human history."
s6999,Horror Homes,TV Show,United Kingdom,TV-14,"British TV Shows, Docuseries, International TV Shows","Dream homes turn into property nightmares when mold, maggots, natural disasters and other inconveniences move in."
s7029,Hunters of the South Seas,TV Show,United Kingdom,TV-14,"British TV Shows, Docuseries","In a far corner of the Pacific Ocean, people who live entirely at sea share insights into their incredible amphibious lifestyle."
s7070,India: Nature's Wonderland,TV Show,United Kingdom,TV-PG,"British TV Shows, Docuseries, Science & Nature TV",Wildlife biologist Liz Bonnin explores the natural wonders of India in this series that reveals the species and cultures unique to this ancient land.
s7081,Inside The Freemasons,TV Show,United Kingdom,TV-MA,"British TV Shows, Docuseries, International TV Shows","Explore the history and future of the Freemasons, a fraternal order steeped in both secrecy and tradition."
s7141,Jonathan Strange & Mr Norrell,TV Show,United Kingdom,TV-14,"British TV Shows, TV Dramas, TV Sci-Fi & Fantasy","In 1806, ambitious magician Norrell leads a revival of practical magic in England and ignites a fierce rivalry with bold young conjurer Strange."
s7216,Kitten Rescuers,TV Show,United Kingdom,TV-14,"British TV Shows, International TV Shows, Reality TV",Cat-crazy host Jo Brand follows vets and animal welfare officers who take on daring rescues to save furry felines subjected to different cat-astrophes.
s7267,Land Girls,TV Show,United Kingdom,TV-14,"British TV Shows, International TV Shows, TV Dramas","Follow the lives, loves, highs and lows of four members of the Women's Land Army who are working at the Hoxley Estate during WWII."
s7280,Learning Time with Timmy,TV Show,United Kingdom,TV-Y,"British TV Shows, Kids' TV",Colorful characters and edutaining activities help make learning English fun in this series geared toward youngsters.
s7301,Life on Location,TV Show,United States,TV-G,"British TV Shows, Docuseries, Science & Nature TV","Members of the BBC's ""Life"" production crew go behind the scenes to explain just what it took to capture key sequences of the program."
s7302,Life Story,TV Show,United Kingdom,TV-14,"British TV Shows, Docuseries, Science & Nature TV",This documentary series follows wild creatures in their native habitats as they navigate the perilous journey from birth to adulthood and beyond.
s7308,Limmy's Show!,TV Show,United Kingdom,TV-MA,"British TV Shows, TV Comedies","Scottish comic Brian ""Limmy"" Limond headlines this sketch series featuring him in various roles from a TV psychic to costumed adventurer ""Falconhoof."""
s7334,London Spy,TV Show,United Kingdom,TV-MA,"British TV Shows, Crime TV Shows, International TV Shows","When his reclusive-banker lover disappears, a hard-partying young British hedonist plunges into the dangerous world of espionage to find the truth."
s7354,Love Your Garden,TV Show,United Kingdom,TV-G,"British TV Shows, International TV Shows, Reality TV",Famed horticulturist Alan Titchmarsh hosts this uplifting show in which he and his team travel the U.K. planting dream gardens for deserving citizens.
s7419,Mary Portas: Secret Shopper,TV Show,United Kingdom,TV-14,"British TV Shows, International TV Shows, Reality TV",Retail consultant Mary Portas collaborates with Britain's most complained-about stores to help them better serve fed-up customers.
s7436,Mega Food,TV Show,United Kingdom,TV-G,"British TV Shows, Docuseries, International TV Shows","Visiting the busiest kitchens in the world, this reality series focuses on large-scale food production – and the people who make it happen."
s7486,Monkey Planet,TV Show,United Kingdom,TV-PG,"British TV Shows, Docuseries, Science & Nature TV","Join zoologist Dr. George McGavin for a fascinating, up-close look at the habits and behaviors of primates, our closest animal relatives."
s7505,Monty Don's French Gardens,TV Show,United Kingdom,TV-G,"British TV Shows, Docuseries, International TV Shows","TV personality Monty Don visits France’s most famous gardens to dig up the influence of power, culture and passion on their conceptions and designs."
s7506,Monty Don's Italian Gardens,TV Show,United Kingdom,TV-G,"British TV Shows, Docuseries, International TV Shows","From horticultural hideaways to luxurious botanical displays, TV personality Monty Don explores the history behind Italy’s most extraordinary gardens."
s7539,My Hotter Half,TV Show,United Kingdom,TV-PG,"British TV Shows, International TV Shows, Reality TV","Couples compete to see who can take the sexiest selfie, with the loser getting a much-needed makeover."
s7548,My Tattoo Addiction,TV Show,United Kingdom,TV-MA,"British TV Shows, Docuseries",Ink junkies dig skin deep and share personal stories about their collection of body art.
s7572,Nature's Great Events (2009),TV Show,"United States, United Kingdom",TV-PG,"British TV Shows, Docuseries, Science & Nature TV","This series looks at how seasonal changes cause shifting weather patterns and ocean currents, creating the conditions for spectacular wildlife events."
s7573,Nature's Great Events: Diaries,TV Show,"United States, United Kingdom",TV-PG,"British TV Shows, Docuseries, Science & Nature TV",Look behind the scenes of this wildlife documentary series that examines how animals around the world adapt to chaotic natural phenomena.
s7574,Nature's Great Race,TV Show,United Kingdom,TV-PG,"British TV Shows, Docuseries, Science & Nature TV","Epic footage captures three of the world's most significant land migrations, following elephants, caribou and zebras on their treacherous journeys."
s7575,Nature's Weirdest Events,TV Show,United Kingdom,TV-PG,"British TV Shows, Docuseries, Science & Nature TV","Host Chris Packham examines bizarre natural phenomena from around the globe, from strange creatures to geographical oddities."
s7598,North & South,TV Show,United Kingdom,NR,"British TV Shows, Romantic TV Shows, TV Dramas","When her father moves his family to an industrial mill town, the parson's daughter, Margaret Hale, struggles to adapt to her harsh new surroundings."
s7630,Nurses Who Kill,TV Show,United Kingdom,TV-14,"British TV Shows, Crime TV Shows, Docuseries","Top medical, criminal and psychological experts analyze the motives and methods of nurses who use their positions to kill rather than heal."
s7672,Operation Gold Rush,TV Show,United Kingdom,TV-14,"British TV Shows, Reality TV",A team of modern-day adventurers follows the footsteps of the money-hungry explorers who trekked the Klondike in search of Canadian gold.
s7675,Operation Ouch!,TV Show,United Kingdom,TV-PG,"British TV Shows, Kids' TV, TV Comedies",Drs. Chris and Xand van Tulleken take an entertaining approach to educate children about medicine and biology through experiments and hospital visits.
s7748,Planet Earth II,TV Show,United Kingdom,TV-G,"British TV Shows, Docuseries, Science & Nature TV","In this sequel to the Emmy-winning ""Planet Earth"" series, viewers are treated to rich and intimate views of the natural diversity of our planet."
s7749,Planet Earth: The Complete Collection,TV Show,United Kingdom,TV-PG,"British TV Shows, Docuseries, International TV Shows",This landmark series transports nature lovers from the Himalayan Mountains to the depths of the ocean and everywhere in between.
s7851,Reggie Yates Outside Man,TV Show,United Kingdom,TV-MA,"British TV Shows, Docuseries, International TV Shows","Award-winning filmmaker Reggie Yates travels around the world tackling big issues such as gun violence, racism, gay rights and addiction."
s7865,Revolting Rhymes,TV Show,United Kingdom,TV-PG,"British TV Shows, Kids' TV",Popular fairy tales take on a darkly comic edge in these short animated films based on a book by Roald Dahl and illustrator Quentin Blake.
s7871,Ripper Street,TV Show,"United Kingdom, Ireland",TV-MA,"British TV Shows, Crime TV Shows, TV Dramas","It's been six months since the last Jack the Ripper killing, and East London is hopeful that his reign of terror might have run its course."
s8003,Sherlock,TV Show,"United Kingdom, United States",TV-14,"British TV Shows, Crime TV Shows, International TV Shows","In this updated take on Sir Arthur Conan Doyle's beloved mystery tales, the eccentric sleuth prowls the streets of modern London in search of clues."
s8130,SuperNature: Wild Flyers,TV Show,United Kingdom,TV-PG,"British TV Shows, Docuseries, Science & Nature TV",This series examines the aerodynamics of flight and the evolutionary processes that have enabled certain species to survive by taking to the skies.
s8209,The Bible's Buried Secrets,TV Show,United Kingdom,TV-14,"British TV Shows, Docuseries, Science & Nature TV","Host Francesca Stavrakopoulou travels across the Middle East, offering extraordinary insights into the stories of the Old Testament."
s8210,The Big Catch,TV Show,United Kingdom,TV-PG,"British TV Shows, Reality TV","In a global competition, eight fishing enthusiasts battle extreme conditions and dangerous waters to be crowned the ultimate angler."
s8215,The Blue Planet: A Natural History of the Oceans,TV Show,United Kingdom,TV-G,"British TV Shows, Docuseries, International TV Shows","David Attenborough narrates this definitive exploration of the marine world, from the familiar to the unknown, revealing the sea and its communities."
s8217,The Bomb Squad,TV Show,United Kingdom,TV-MA,"British TV Shows, Docuseries",This documentary follows British bomb disposal teams in Afghanistan and the dangers they face in their methodical lives on the front lines of war.
s8251,The Code,TV Show,United Kingdom,TV-PG,"British TV Shows, Docuseries, International TV Shows","In this three-part documentary series, host Marcus du Sautoy examines the mathematical code underlying all of life on Earth and the universe itself."
s8294,The Fear,TV Show,United Kingdom,TV-MA,"British TV Shows, Crime TV Shows, TV Dramas","Richie Beckett is an aging Brighton crime boss who's struggling with the onset of dementia, just as a rival gang is trying to take over his territory."
s8303,The Five,TV Show,United Kingdom,TV-MA,"British TV Shows, Crime TV Shows, TV Dramas","Twenty years after 5-year-old Jesse disappears near his home, his DNA turns up at the scene of a woman's murder, baffling his family and the police."
s8316,The Furchester Hotel,TV Show,"United Kingdom, United States",TV-Y,"British TV Shows, Kids' TV","Elmo hops across the pond to help his extended monster family solve problems at their ""almost"" world-class establishment, the Furchester Hotel."
s8332,The Great British Baking Show: Masterclass,TV Show,United Kingdom,TV-PG,"British TV Shows, Reality TV",Hosts Mary Berry and Paul Hollywood leave the tent and go into the kitchen to put their professional spin on baking techniques used in the show.
s8335,The Great Train Robbery,TV Show,United Kingdom,NR,"British TV Shows, Crime TV Shows, International TV Shows","This two-part tale delivers the true story of the Great Train Robbery of 1963, the biggest one in England's history."
s8354,The Hunt,TV Show,United Kingdom,TV-PG,"British TV Shows, Docuseries, Science & Nature TV","Witness some of the most riveting showdowns in the animal kingdom as cameras capture leopards, polar bears and other predators targeting their prey."
s8358,The Inbetweeners,TV Show,United Kingdom,TV-MA,"British TV Shows, TV Comedies",This rib-tickling series follows four English lads as they try – and fail spectacularly – to navigate the wretched no-man's land of adolescence.
s8367,The Investigator: A British Crime Story,TV Show,United Kingdom,TV-MA,"British TV Shows, Crime TV Shows, Docuseries","After 40 years of inconclusive evidence, renowned criminologist Mark Williams-Thomas re-examines a string of mysterious murders."
s8412,The Making of Frozen Planet,TV Show,"United Kingdom, United States, Spain, Germany, Greece, Canada",TV-PG,"British TV Shows, Docuseries, Science & Nature TV",Documentary crew members brave Earth's most frigid regions to capture the majesty and mystery found in the chillier side of the animal kingdom.
s8432,The Murder Detectives,TV Show,United Kingdom,TV-MA,"British TV Shows, Crime TV Shows, Docuseries","This series tracks the ups and downs of an 18-month investigation into the 2014 stabbing murder of teenager Nicholas Robinson in Bristol, England."
s8477,The Real Football Factories,TV Show,United Kingdom,TV-MA,"British TV Shows, Docuseries, International TV Shows",Examine the troubling history of football hooliganism and hear from real hooligans about their bitter rivalries and rowdiest brawls.
s8600,Toast of London,TV Show,United Kingdom,TV-MA,"British TV Shows, Classic & Cult TV, TV Comedies","After a divorce and fatal career move, a classically trained British stage actor navigates single life with his odd roommate and takes on horrid jobs."
s8605,Top 10 Secrets and Mysteries,TV Show,"United Kingdom, United States, Czech Republic",TV-14,"British TV Shows, Docuseries, Science & Nature TV","This series investigates mysteries that persistently elude scientific explanation, such as mythical creatures, UFOs, sacred sites and more."
s8647,Twirlywoos,TV Show,United Kingdom,TV-Y,"British TV Shows, Kids' TV","The colorful and curious family of Twirlywoos bounces around their boat and visits new places, turning learning into adventures wherever they land."
s8713,Weird Wonders of the World,TV Show,United Kingdom,TV-PG,"British TV Shows, Docuseries, Science & Nature TV","From animal oddities and bizarre science to medical marvels, scientists and experts examine some of the world's strangest mysteries and phenomena."
s8741,Wild Alaska,TV Show,United Kingdom,TV-PG,"British TV Shows, Docuseries, Science & Nature TV","The natural bounty of Alaska sustains its diverse species through extreme weather conditions in three seasons, each with its rewards and challenges."
s8742,Wild Arabia,TV Show,United Kingdom,TV-PG,"British TV Shows, Docuseries, Science & Nature TV",The widely varied geology and dramatic landscapes in the continental crossroads of Arabia harbors a rich history and an abundance of wildlife.
s8759,World's Busiest Cities,TV Show,United Kingdom,TV-PG,"British TV Shows, Docuseries","From Moscow to Mexico City, three BBC journalists delve into the inner workings of some of the most burgeoning metropolises on Earth."
