show_id,type,title,director,cast,country,date_added,release_year,rating,duration,listed_in,description
s4,TV Show,Jailbirds New Orleans,,,,"September 24, 2021",2021,TV-MA,1 Season,"Docuseries, Reality TV","Feuds, flirtations and toilet talk go down among the incarcerated women at the Orleans Justice Center in New Orleans on this gritty reality series."
s9,TV Show,The Great British Baking Show,Andy Devonshire,"Mel Giedroyc, Sue Perkins, Mary Berry, Paul Hollywood",United Kingdom,"September 24, 2021",2021,TV-14,9 Seasons,"British TV Shows, Reality TV","A talented batch of amateur bakers face off in a 10-week competition, whipping up their best dishes in the hopes of being named the U.K.'s best."
s26,TV Show,Love on the Spectrum,,Brooke Satchwell,Australia,"September 21, 2021",2021,TV-14,2 Seasons,"Docuseries, International TV Shows, Reality TV","Finding love can be hard for anyone. For young adults on the autism spectrum, exploring the unpredictable world of dating is even more complicated."
s56,TV Show,Nailed It,,"Nicole Byer, Jacques Torres",United States,"September 15, 2021",2021,TV-PG,6 Seasons,Reality TV,"Home bakers with a terrible track record take a crack at re-creating edible masterpieces for a $10,000 prize. It's part reality contest, part hot mess."
s71,TV Show,Too Hot To Handle: Latino,,Itatí Cantoral,,"September 15, 2021",2021,TV-MA,1 Season,"International TV Shows, Reality TV, Romantic TV Shows","On this reality show, singles from Latin America and Spain are challenged to give up sex. But here, abstinence comes with a silver lining: US$100,000."
s75,TV Show,The World's Most Amazing Vacation Rentals,,,,"September 14, 2021",2021,TV-PG,2 Seasons,Reality TV,"With an eye for every budget, three travelers visit vacation rentals around the globe and share their expert tips and tricks in this reality series."
s84,TV Show,Metal Shop Masters,,Jo Koy,,"September 10, 2021",2021,TV-MA,1 Season,Reality TV,"On this competition show, a group of metal artists torch, cut and weld epic, badass creations from hardened steel. Only one will win a $50,000 prize."
s96,TV Show,The Circle,,Michelle Buteau,"United States, United Kingdom","September 8, 2021",2021,TV-MA,3 Seasons,Reality TV,"Status and strategy collide in this social experiment and competition show where online players flirt, befriend and catfish their way toward $100,000."
s148,TV Show,How to Be a Cowboy,,,,"September 1, 2021",2021,TV-PG,1 Season,Reality TV,"Dale Brisby uses social media savvy and rodeo skills to keep cowboy traditions alive — and now he's teaching the world how to cowboy right, ol' son."
s185,TV Show,Sparking Joy,,Marie Kondo,United States,"August 31, 2021",2021,TV-PG,1 Season,Reality TV,"In this reality series, Marie Kondo brings her joyful tidying tactics to people struggling to balance work and home life — and shares her own world."
s219,TV Show,Titletown High,,,,"August 27, 2021",2021,TV-14,1 Season,"Reality TV, Teen TV Shows","In a Georgia town where football rules and winning is paramount, a high school team tackles romance, rivalries and real life while vying for a title."
s225,TV Show,Motel Makeover,,,,"August 25, 2021",2021,TV-14,1 Season,"International TV Shows, Reality TV","Amid project pitfalls and a pandemic, besties-turned-business partners bring their design magic to a rundown motel and revamp it into a go-to getaway."
s233,TV Show,Wheel of Fortune,,"Pat Sajak, Vanna White",United States,"August 25, 2021",2019,TV-G,3 Seasons,Reality TV,"Pat Sajak and Vanna White host one of TV's most popular, long-running game shows, where players spin a wheel for prizes and solve mystery phrases."
s281,TV Show,Bake Squad,,,United States,"August 11, 2021",2021,TV-PG,1 Season,Reality TV,Expert bakers elevate desserts with next-level ideas and epic execution. Now the battle is on to win over clients in need of very special sweets.
s310,TV Show,Car Masters: Rust to Riches,,"Mark Towle, Shawn Pilot, Constance Nunes, Tony Quinones, Mike ""Caveman"" Pyle",,"August 4, 2021",2021,TV-PG,3 Seasons,Reality TV,"The colorful crew at Gotham Garage overhauls an eclectic collection of cars and trucks, trading up to a showstopper they can sell for big bucks."
s313,TV Show,Cooking With Paris,,Paris Hilton,United States,"August 4, 2021",2021,TV-MA,1 Season,Reality TV,"With an anyone-can-cook attitude, Paris Hilton adds her own flair to every dish. Fun is just one edible glitter bomb away on this unique cooking show."
s367,TV Show,Glow Up,,,United Kingdom,"July 30, 2021",2021,TV-14,3 Seasons,"British TV Shows, International TV Shows, Reality TV","In this competition show, aspiring makeup artists navigate colorful challenges to win a career-making opportunity in the beauty industry."
s369,TV Show,Khawatir,,,,"July 30, 2021",2009,TV-14,1 Season,"International TV Shows, Reality TV",Saudi media personality Ahmad Al Shugairi travels around the world on a quest for knowledge in various cities while offering his personal reflections.
s380,TV Show,Tattoo Redo,,,,"July 28, 2021",2021,TV-MA,1 Season,Reality TV,"Bad tattoos walk in. Great tattoos walk out. Top artists transform tattoo disasters into stunning cover-ups, with designs chosen by clients' loved ones."
s431,TV Show,Sexy Beasts,,,,"July 21, 2021",2021,TV-14,1 Season,"British TV Shows, International TV Shows, Reality TV","Hoping to say goodbye to superficial dating, real-life singles sport elaborate makeup and prosthetics to put true blind-date chemistry to the test."
s432,TV Show,Too Hot to Handle: Brazil,,Bruna Louise,,"July 21, 2021",2021,TV-MA,1 Season,"International TV Shows, Reality TV, Romantic TV Shows","Sizzling hot young Brazilians meet at a dreamy beach resort. But for a shot at R$500,000 in this fun reality show, they'll have to give up sex."
s467,TV Show,My Unorthodox Life,,,,"July 14, 2021",2021,TV-MA,1 Season,Reality TV,"Follow Julia Haart, Elite World Group CEO and a former member of an ultra-Orthodox Jewish community, and her adult kids in this reality series."
s538,TV Show,Terrace House: Opening New Doors,,"You, Reina Triendl, Yoshimi Tokui, Azusa Babazono, Ryota Yamasato, Shono Hayama",Japan,"July 6, 2021",2018,TV-14,6 Seasons,"International TV Shows, Reality TV","A group of young people – including a chef, a snowboarder and an ice hockey player – gather in the Karuizawa woods while pursuing their dreams."
s550,TV Show,Big Timber,,,,"July 2, 2021",2020,TV-14,1 Season,"International TV Shows, Reality TV",A no-nonsense logger and his loyal crew battle brutal elements and finicky machines to chop and transport valuable lumber on Vancouver Island.
s621,TV Show,Droppin' Cash: Los Angeles,,,United States,"June 30, 2021",2019,TV-MA,1 Season,Reality TV,This Complex series follows the paper trail of musicians and athletes in Los Angeles as they blow through stacks on the finer things in life.
s648,TV Show,The Parisian Agency: Exclusive Properties,,"Olivier Kretz, Sandrine Kretz, Valentin Kretz, Martin Kretz, Louis Kretz",,"June 23, 2021",2021,TV-G,1 Season,"International TV Shows, Reality TV",This reality series follows the Kretz family and their luxury property business as they help clients buy and sell fabulous homes in France and abroad.
s649,TV Show,Too Hot to Handle,,Desiree Burch,United States,"June 23, 2021",2021,TV-MA,2 Seasons,"Reality TV, Romantic TV Shows","On the shores of paradise, gorgeous singles meet and mingle. But there’s a twist. To win a $100,000 grand prize, they’ll have to give up sex."
s658,TV Show,The Mole,,Anderson Cooper,United States,"June 21, 2021",2001,TV-14,2 Seasons,"Reality TV, TV Action & Adventure, TV Mysteries","In this competition show, contestants try to earn $1 million for a pot that only one of them will win — while one player secretly sabotages them."
s674,TV Show,No Time for Shame,,Santiago Artemis,Argentina,"June 19, 2021",2019,TV-MA,1 Season,"International TV Shows, Reality TV, Spanish-Language TV Shows","Follow Santiago Artemis, a Buenos Aires fashion dynamo, as he makes his dreams come true while grappling with his love life, therapist and clients."
s676,TV Show,REA(L)OVE,,"Atsushi Tamura, Mari Yaguchi",Japan,"June 19, 2021",2018,TV-MA,1 Season,"International TV Shows, Reality TV, Romantic TV Shows","A group of men and women, each burdened with a dark secret, look for love in this dating show with a twist. Hosted by reformed playboy Atsushi Tamura."
s724,TV Show,The American Bible Challenge,Michael Simon,Jeff Foxworthy,United States,"June 15, 2021",2014,TV-G,1 Season,Reality TV,"Join host Jeff Foxworthy as contestants test their knowledge of all things biblical, competing to win money for the charities of their choice."
s749,TV Show,"Fresh, Fried & Crispy",,,United States,"June 9, 2021",2021,TV-PG,1 Season,Reality TV,"Passionate about food and ready for fun, critic Daym Drops drops in on America's smokin' hot spots for the best, freshest takes on fried food."
s881,TV Show,Haunted,,,"United States, Czech Republic","May 14, 2021",2021,TV-MA,3 Seasons,"Reality TV, TV Horror, TV Thrillers","Real people sit down with friends and family to share terrifying true stories from their past, re-created through chilling re-enactments."
s919,TV Show,Lava Ka Dhaava,,"Jaaved Jaaferi, Rutledge Wood",India,"May 5, 2021",2021,TV-PG,1 Season,Reality TV,Actor Jaaved Jaafferi brings his signature humor to this Hindi dubbing of the show where teams creatively navigate rooms flooded with make-believe lava.
s958,TV Show,Pet Stars,,,,"April 30, 2021",2021,TV-PG,1 Season,Reality TV,Follow talent management company Pets on Q as they work with the biggest animal influencers on social media in this reality series.
s1046,TV Show,Next in Fashion,,"Tan France, Alexa Chung",United States,"April 15, 2021",2020,TV-14,1 Season,Reality TV,"Talented designers from around the world compete for $250,000 and the chance to become the next big thing in fashion."
s1061,TV Show,Indian Matchmaking,,,"United States, India","April 14, 2021",2020,TV-14,1 Season,"Reality TV, Romantic TV Shows","Matchmaker Sima Taparia guides clients in the U.S. and India in the arranged marriage process, offering an inside look at the custom in a modern era."
s1083,TV Show,Don't be the First one,,"Park Mi-sun, Jang Do-youn",,"April 11, 2021",2021,TV-14,1 Season,"International TV Shows, Reality TV","Is marriage just better between funny people? Revealing their day-to-day lives, celebrity comedian couples explore the bonds that keep them together."
s1094,TV Show,The Big Day,,,India,"April 7, 2021",2021,TV-14,2 Seasons,"International TV Shows, Reality TV, Romantic TV Shows","For six engaged couples, happily ever after begins on a spectacular note in this eye-popping look at India’s multibillion-dollar wedding industry."
s1095,TV Show,The Wedding Coach,,,,"April 7, 2021",2021,TV-MA,1 Season,"Reality TV, Romantic TV Shows",Former bride and forever comedian Jamie Lee shares her irreverent yet practical tips and tricks for wedding planning with struggling lovebirds.
s1128,TV Show,Prank Encounters,,Gaten Matarazzo,United States,"April 1, 2021",2021,TV-MA,2 Seasons,"Reality TV, TV Comedies, TV Horror",Monstrous frights meet hilarious reveals on this hidden-camera prank show as real people become the stars of their own full-blown horror movie.
s1144,TV Show,Worn Stories,,,United States,"April 1, 2021",2021,TV-MA,1 Season,"Docuseries, Reality TV","In this funny, heartfelt and moving docuseries, real people unpack the fascinating and quirky stories around their most meaningful pieces of clothing."
s1147,TV Show,Haunted: Latin America,Adrián García Bogliano,,"United States, Mexico","March 31, 2021",2021,TV-14,1 Season,"International TV Shows, Reality TV, Spanish-Language TV Shows","Real people's terrifying tales of the chilling, unexplained and paranormal come to life with dramatic reenactments in this reality series."
s1164,TV Show,Magic for Humans Spain,,Antonio Díaz,Spain,"March 26, 2021",2021,TV-MA,1 Season,"International TV Shows, Reality TV, Spanish-Language TV Shows","In this Spanish adaptation of ""Magic for Humans,"" folks of all ages on the streets of Barcelona are amazed by tricks that inspire delight and wonder."
s1226,TV Show,Marriage or Mortgage,,,,"March 10, 2021",2021,TV-G,1 Season,"Reality TV, Romantic TV Shows",A wedding planner and a real estate agent compete to win the hearts and budgets of spouses-to-be. Will they pick fairy-tale nuptials or a dream home?
s1275,TV Show,Canine Intervention,,Jas Leverette,United States,"February 24, 2021",2021,TV-PG,1 Season,Reality TV,"No dog, no breed, no behavior is unfixable for Cali K9's Jas Leverette. Follow the Oakland dog trainer as he works with a range of canines and owners."
s1303,TV Show,MeatEater,,Steven Rinella,United States,"February 17, 2021",2021,TV-14,4 Seasons,"Docuseries, Reality TV, Science & Nature TV",Steven Rinella scrounges in some of America's wildest terrains in this unscripted series showing him on the hunt for wild animals from ducks to deer.
s1314,TV Show,Buried by the Bernards,,,United States,"February 12, 2021",2021,TV-14,1 Season,Reality TV,"In this reality series, the bickering but big-hearted Bernards manage their budget-friendly funeral home while helping grieving families say farewell."
s1318,TV Show,Nadiya Bakes,,Nadiya Hussain,United Kingdom,"February 12, 2021",2021,TV-G,1 Season,"British TV Shows, International TV Shows, Reality TV","Delightful cakes and heavenly breads pop from the oven as Nadiya Hussain returns to baking, her happy place, and spotlights creative kindred spirits."
s1384,TV Show,Blown Away,,,Canada,"January 22, 2021",2021,TV-14,2 Seasons,"International TV Shows, Reality TV","Ten master artists turn up the heat in glassblowing sculpture challenges for the chance to win $60,000 in prizes and the title of champion."
s1401,TV Show,Bling Empire,,,United States,"January 15, 2021",2021,TV-MA,1 Season,Reality TV,"Follow LA's wildly wealthy Asian and Asian American fun seekers as they go all out with fabulous parties, glamour and drama in this reality series."
s1438,TV Show,Surviving Death,,,United States,"January 6, 2021",2021,TV-MA,1 Season,"Docuseries, Reality TV","What happens after we die? This docuseries explores personal stories and research on near-death experiences, reincarnation and paranormal phenomena."
s1441,TV Show,Nailed It! Mexico,,"Omar Chaparro, Anna Ruiz","Mexico, United States","January 5, 2021",2021,TV-PG,3 Seasons,"International TV Shows, Reality TV, Spanish-Language TV Shows","The fun, fondant and hilarious cake fails head to Mexico, where very amateur bakers compete to re-create elaborate sweet treats for a cash prize."
s1450,TV Show,Dream Home Makeover,,,United States,"January 1, 2021",2021,TV-G,2 Seasons,Reality TV,"Dreams come true for real families looking for the perfect home tailored to their own unique style, thanks to Shea and Syd McGee of Studio McGee."
s1477,TV Show,Best Leftovers Ever!,,"Jackie Tohn, David So, Rosemary Shrager",United States,"December 30, 2020",2020,TV-G,1 Season,Reality TV,Decadent pasta from day-old fries? Skillful cooks transform tired leftovers into tantalizing new dishes in this wildly creative culinary competition.
s1544,TV Show,Black Ink Crew New York,,"Ceaser Emanuel, Dutchess Lattimore, Puma Robinson, Alex Estevez, Sassy Bermudez",United States,"December 15, 2020",2014,TV-14,2 Seasons,Reality TV,"At a Black-owned-and-operated hotspot for ink in Harlem, tattoo king Ceaser looks to expand his empire while working with a rambunctious crew."
s1548,TV Show,Teen Mom 2,,"Jenelle Evans, Chelsea Houska, Kailyn Lowry, Leah Messer",United States,"December 15, 2020",2011,TV-14,2 Seasons,Reality TV,"The highs and lows of new parenting and adulting create drama and heartbreak as life moves on for the cast of ""16 and Pregnant"" Season 2."
s1549,TV Show,The Challenge,,"Jamie Chung, Landon Lueck, Diem Brown, Mike 'The Miz' Mizanin, Darrell Taylor, Wes Bergmann, Jodi Weatherton, Brad Fiorenza, Cara Maria Sorbello, Zachary Nichols, Turabi ""Turbo"" Çamkıran, Theo Campbell",United States,"December 15, 2020",2006,TV-14,2 Seasons,Reality TV,Reality show alumni must compete in grueling physical contests and survive eliminations amid cutthroat alliances and steamy hookups to win big money.
s1597,TV Show,The Great British Baking Show: Holidays,,"Paul Hollywood, Prue Leith, Sandi Toksvig, Noel Fielding",,"December 4, 2020",2020,TV-MA,3 Seasons,"British TV Shows, Reality TV","Deck the halls with sugar, butter and chocolate as competitors from past seasons bake sweet Yuletide treats for judges Paul Hollywood and Prue Leith."
s1612,TV Show,Are You The One,,Ryan Devlin,United States,"December 1, 2020",2014,TV-14,2 Seasons,Reality TV,"Determined by a dating algorithm, a group of single contestants must identify their perfect matches for a shot at love and a cash prize."
s1616,TV Show,Ink Master,,"Dave Navarro, Chris Nuñez, Oliver Peck",United States,"December 1, 2020",2012,TV-14,2 Seasons,Reality TV,"Ten of the country's most skilled tattoo artists compete for $100,000 and the title of Ink Master in this high-stakes elimination competition."
s1624,TV Show,The Bachelorette,,,United States,"December 1, 2020",2010,TV-14,1 Season,"Reality TV, Romantic TV Shows",Beloved “Bachelor” contestant Ali Fedotowsky embarks on her own search for happily ever after and navigates the thrills and spills of reality TV romance.
s1629,TV Show,The Repair Shop,,,United Kingdom,"December 1, 2020",2018,TV-PG,1 Season,"British TV Shows, Reality TV",Expert artisans restore timeworn family heirlooms with touching sentimental value while also uncovering their uniquely rich histories.
s1639,TV Show,Fabulous Lives of Bollywood Wives,,,India,"November 27, 2020",2020,TV-MA,1 Season,"International TV Shows, Reality TV","Cameras follow the banter and bonding between four fun-loving women from Bollywood’s inner circle as they juggle professions, family and friendship."
s1642,TV Show,Sugar Rush Christmas,,"Hunter March, Candace Nelson, Adriano Zumbo",United States,"November 27, 2020",2020,TV-14,2 Seasons,Reality TV,"It's everything you love about ""Sugar Rush"" – with a holly jolly holiday twist – in this Christmas-themed spin on competitive baking."
s1673,TV Show,Voices of Fire,,Pharrell Williams,United States,"November 20, 2020",2020,TV-PG,1 Season,"Docuseries, Reality TV","In this faith-based docuseries, Bishop Ezekiel Williams builds an inspiring, nontraditional gospel choir with the help of superstar nephew Pharrell."
s1685,TV Show,Holiday Home Makeover with Mr. Christmas,,Benjamin Bradley,United States,"November 18, 2020",2020,TV-G,1 Season,Reality TV,"Interior designer Benjamin “Mr. Christmas” Bradley works with a trusty team of ""elves” to help families transform their homes for the holidays."
s1689,TV Show,We Are the Champions,,,United States,"November 17, 2020",2020,TV-MA,1 Season,"Docuseries, Reality TV","Explore an array of unique competitions, from the quirky to the bizarre, and meet their passionate communities in this docuseries."
s1693,TV Show,America's Next Top Model,,Tyra Banks,United States,"November 15, 2020",2013,TV-14,2 Seasons,Reality TV,Supermodel Tyra Banks created and executive-produced this reality series that chronicles the transformation of young women into potential supermodels.
s1698,TV Show,Survivor,,"Jeff Probst, Jerri Manthey, Colby Donaldson, Rupert Boneham, Parvati Shallow, Rob Mariano, Amanda Kimmel, James Clement, Amber Brkich, Alicia Calaway, Ethan Zohn, Tina Wesson",United States,"November 15, 2020",2014,TV-14,2 Seasons,Reality TV,"In this long-running reality competition series, players battle the elements and each other as they vie for $1 million and the title of Sole Survivor."
s1716,TV Show,A Queen Is Born,Carla Barros,"Gloria Groove, Alexia Twister",Brazil,"November 11, 2020",2020,TV-14,1 Season,"International TV Shows, Reality TV",Gloria Groove and Alexia Twister make drag dreams come true as they help six artists find the confidence to own the stage in this makeover show.
s1727,TV Show,Country Ever After,,,United States,"November 6, 2020",2020,TV-PG,1 Season,Reality TV,"Country artist Coffey Anderson and his wife, hip-hop dancer Criscilla, juggle family life, career goals and tests of faith in this reality series."
s1749,TV Show,60 Days In,,,United States,"November 1, 2020",2019,TV-MA,1 Season,Reality TV,"Recruited by a sheriff, volunteers infiltrate county prisons to expose corruption and crime from within the system in this docuseries."
s1755,TV Show,Forged in Fire,,Wil Willis,United States,"November 1, 2020",2019,TV-14,1 Season,Reality TV,Bladesmiths vie for a cash prize by forging the best metal weapons from the pages of history in this competition series featuring expert judges.
s1774,TV Show,Zumbo's Just Desserts,,"Adriano Zumbo, Rachel Khoo",Australia,"October 31, 2020",2019,TV-PG,1 Season,"International TV Shows, Reality TV","Dessert wizard Adriano Zumbo looks for the next “Willy Wonka” in this tense competition that finds skilled amateurs competing for a $100,000 prize."
s1782,TV Show,Somebody Feed Phil,,Philip Rosenthal,United States,"October 30, 2020",2020,TV-14,4 Seasons,"Docuseries, Reality TV","""Everybody Loves Raymond"" creator Phil Rosenthal travels the globe to take in the local cuisine and culture of Bangkok, Lisbon, Mexico City and more."
s1861,TV Show,The Cabin with Bert Kreischer,,"Bert Kreischer, Anthony Anderson, Caitlyn Jenner, Tom Segura, Joey Diaz, Nikki Glaser, Fortune Feimster, Bobby Lee, Donnell Rawlings, Kaley Cuoco, Joel McHale, Ms. Pat, Deon Cole, Big Jay Oakerson",United States,"October 13, 2020",2020,TV-MA,1 Season,"Reality TV, TV Comedies","Fast-living comic Bert Kreischer heads to a cabin for some self-care and invites his funny friends to join his quest to cleanse his mind, body and soul."
s1980,TV Show,The American Barbecue Showdown,,"Lyric Lewis, Rutledge Wood",United States,"September 18, 2020",2020,TV-G,1 Season,Reality TV,Eight of the country's best backyard smokers and pitmasters vie for the title of American Barbecue Champion in a fierce but friendly faceoff.
s1995,TV Show,Sing On!,,Tituss Burgess,United States,"September 16, 2020",2020,TV-PG,1 Season,Reality TV,"In this fun, fast-paced music contest hosted by Tituss Burgess, players sing their hearts out and try to hit the right notes to win up to $60,000."
s2003,TV Show,Taco Chronicles,,,United States,"September 15, 2020",2020,TV-MA,2 Seasons,"Docuseries, International TV Shows, Reality TV","Many of the most popular taco styles have long, rich, little-known histories. Explore some of them in this eye-opening, mouth-watering food adventure."
s2033,TV Show,Get Organized with The Home Edit,,,United States,"September 9, 2020",2020,TV-PG,1 Season,Reality TV,"Expert home organizers Clea and Joanna help celebrities and everyday clients edit, categorize and contain their clutter to create stunning spaces."
s2055,TV Show,Chef's Table: BBQ,,,United States,"September 2, 2020",2020,TV-14,1 Season,"Docuseries, Reality TV","The Emmy-nominated series delves into the juicy, smoky world of barbecue, visiting acclaimed chefs and pitmasters in the US, Australia and Mexico."
s2097,TV Show,Million Dollar Beach House,,,United States,"August 26, 2020",2020,TV-MA,1 Season,Reality TV,The competition is fierce — and the drama undeniable — as a group of young and hungry agents try to seal the deal on luxury listings in the Hamptons.
s2102,TV Show,Baewatch: Parental Guidance,,,,"August 22, 2020",2019,TV-MA,1 Season,"British TV Shows, Reality TV, Romantic TV Shows","Couples go on a romantic getaway to test their relationships, not knowing their families are calling the shots and cringing over their every move."
s2107,TV Show,Rust Valley Restorers,,"Mike Hall, Michael Daingerfield",Canada,"August 21, 2020",2020,TV-14,3 Seasons,"International TV Shows, Reality TV","Old-school auto collector Mike Hall, his pal Avery Shoaf and son Connor Hall go the extra mile to restore retro cars – and hopefully turn a profit."
s2113,TV Show,DeMarcus Family Rules,,,United States,"August 19, 2020",2020,TV-14,1 Season,Reality TV,Rascal Flatts bassist Jay DeMarcus and ex-beauty queen Allison DeMarcus write their own rules for juggling family and fun in this reality show.
s2141,TV Show,(Un)Well,,,United States,"August 12, 2020",2020,TV-MA,1 Season,Reality TV,"This docuseries takes a deep dive into the lucrative wellness industry, which touts health and healing. But do the products live up to the promises?"
s2146,TV Show,Terrace House: Tokyo 2019-2020,,"You, Reina Triendl, Yoshimi Tokui, Azusa Babazono, Ryota Yamasato, Shono Hayama",Japan,"August 10, 2020",2019,TV-MA,2 Seasons,"International TV Shows, Reality TV","Six strangers share a fabulous house in Tokyo, looking for love while living under the same roof. With no script, what happens next is all up to them."
s2153,TV Show,Selling Sunset,,,,"August 7, 2020",2020,TV-MA,3 Seasons,Reality TV,The elite real estate brokers at The Oppenheim Group sell the luxe life to affluent buyers in LA. The drama ramps up when a new agent joins the team.
s2154,TV Show,Sing On! Germany,,Palina Rojinski,Germany,"August 7, 2020",2020,TV-PG,1 Season,"International TV Shows, Reality TV","In this karaoke competition hosted by Palina Rojinski, contestants must hit the right note for a chance to win up to 30,000 euros."
s2179,TV Show,The Next Step,,"Shamier Anderson, Victoria Baldesarra, Alexandra Beaton, Jordan Clark, Brennan Clost, Samantha Grecchi, Lamar Johnson, Isaac Lupien, Trevor Tordjman, Brittany Raymond, Bree Wasylenko, Jennifer Pappas, Tamina Pollack-Paris, Logan Fabbro, Megan Mackenzie, Alex Beaton, Natalie Krill",Canada,"August 1, 2020",2018,TV-G,1 Season,"Kids' TV, Reality TV, TV Dramas",This drama series follows young dancers at the Next Step Dance Studio as they attempt to win the coveted regional dance championships.
s2190,TV Show,Sugar Rush,,"Candace Nelson, Adriano Zumbo, Hunter March",United States,"July 31, 2020",2020,TV-PG,3 Seasons,Reality TV,Time's the most important ingredient as teams race against the clock – and each other – to bake up the best-tasting sweets.
s2213,TV Show,Sing On! Spain,,Ricky Merino,Spain,"July 24, 2020",2020,TV-G,1 Season,"International TV Shows, Reality TV, Spanish-Language TV Shows","In this fast-paced, high-energy karaoke competition, singers from all walks of life battle it out for up to 30,000 euros!"
s2227,TV Show,Single Wives,,"Fifi Box, Matthew Hussey",Australia,"July 18, 2020",2018,TV-MA,1 Season,"Reality TV, Romantic TV Shows","Looking for a second chance at love, four formerly married women are put in various romantic situations then receive feedback from a dating coach."
s2238,TV Show,Skin Decision: Before and After,,,United States,"July 15, 2020",2020,TV-MA,1 Season,"Reality TV, Science & Nature TV",Skin and beauty expert Nurse Jamie and plastic surgeon Dr. Sheila Nazarian use the latest procedures to bring out their clients' best selves.
s2246,TV Show,Dating Around: Brazil,Cassia Dian,,Brazil,"July 10, 2020",2020,TV-14,1 Season,"International TV Shows, Reality TV, Romantic TV Shows","In this reality show, six singles meet five different blind dates at trendy urban hot spots in Brazil. Who will they choose for a second outing?"
s2247,TV Show,Down to Earth with Zac Efron,,"Zac Efron, Darin Olien",United States,"July 10, 2020",2020,TV-PG,1 Season,"Docuseries, Reality TV, Science & Nature TV","Actor Zac Efron journeys around the world with wellness expert Darin Olien in a travel show that explores healthy, sustainable ways to live."
s2299,TV Show,Southern Survival,,,United States,"July 3, 2020",2020,TV-PG,1 Season,Reality TV,"The BattlBox crew tests out products designed to help people survive dangerous situations, including explosions, natural disasters and intruders."
s2302,TV Show,Supermarket Sweep,,,United States,"July 2, 2020",1993,TV-G,1 Season,Reality TV,"In this iconic game show, contestants answer food trivia questions then race against the clock while stuffing their carts for massive grocery gains."
s2306,TV Show,21 Again,,Laura Morgan,United Kingdom,"July 1, 2020",2019,TV-MA,1 Season,"British TV Shows, Reality TV","In a social experiment, a group of daughters sends their mothers, disguised as 21-year-olds, into the world to experience life as a member of Gen Z."
s2314,TV Show,Say I Do,,"Jeremiah Brent, Thai Nguyen, Gabriele Bertaccini",United States,"July 1, 2020",2020,TV-14,1 Season,"Reality TV, Romantic TV Shows","In this reality show, couples overcome obstacles to celebrate their love in surprise dream weddings designed by three experts in less than a week."
s2338,TV Show,Twogether,,"Lee Seung-gi, Jasper Liu",South Korea,"June 26, 2020",2020,TV-G,1 Season,"International TV Shows, Korean TV Shows, Reality TV","Paired together for an unforgettable trip across Asia, stars Lee Seung-gi and Jasper Liu become buddies as they connect with fans and local cultures."
s2344,TV Show,Crazy Delicious,,"Jayde Adams, Carla Hall, Heston Blumenthal, Niklas Ekstedt",United Kingdom,"June 24, 2020",2020,TV-PG,1 Season,"British TV Shows, International TV Shows, Reality TV","In this competition show, daring home chefs tempt the food gods with reinvented classics and fanciful feasts in their quest to win a golden apple."
s2358,TV Show,Floor Is Lava,,Rutledge Wood,United States,"June 19, 2020",2020,TV-PG,1 Season,Reality TV,"Teams compete to navigate rooms flooded with lava by leaping from chairs, hanging from curtains and swinging from chandeliers. Yes, really."
s2384,TV Show,The Chase,,"Brooke Burns, Mark Labbett",United States,"June 15, 2020",2015,TV-PG,2 Seasons,Reality TV,"Brooke Burns hosts this game show in which three contestants square off to answer fast-paced questions against ""the Beast,"" a trivia know-it-all."
s2395,TV Show,Dating Around,,,,"June 12, 2020",2020,TV-MA,2 Seasons,"Reality TV, Romantic TV Shows","In each episode of flirtations and fails, one real-life single navigates five blind dates. The mission: Find one match worthy of a second date."
s2407,TV Show,Lenox Hill,,,United States,"June 10, 2020",2020,TV-MA,1 Season,"Docuseries, Reality TV, Science & Nature TV",Four doctors at New York's storied Lenox Hill Hospital balance their personal lives and their dedication to their patients in this documentary series.
s2423,TV Show,Queer Eye,,"Bobby Berk, Karamo Brown, Tan France, Antoni Porowski, Jonathan Van Ness",United States,"June 5, 2020",2020,TV-14,5 Seasons,Reality TV,"An all-new “Fab Five” advise men on fashion, grooming, food, culture and design in this modern reboot of the Emmy Award-winning reality series."
s2433,TV Show,Alone,,,,"June 2, 2020",2019,TV-14,1 Season,Reality TV,"Equipped with limited resources, an isolated group of individuals is subjected to the harsh conditions of the wilderness and must survive — or tap out."
s2515,TV Show,The Big Flower Fight,,"Natasia Demetriou, Vic Reeves, Kristen Griffith-Vanderyacht",United Kingdom,"May 18, 2020",2020,TV-PG,1 Season,"British TV Shows, International TV Shows, Reality TV","Ten pairs of florists, sculptors and garden designers face off in a friendly floral fight to see who can build the biggest, boldest garden sculptures."
s2525,TV Show,Magic for Humans,,Justin Willman,United States,"May 15, 2020",2020,TV-14,3 Seasons,"Reality TV, TV Comedies","From baffling people on the street to orchestrating elaborate tricks, Justin Willman blends good-natured magic with grown-up laughs."
s2553,TV Show,Restaurants on the Edge,,"Nick Liberato, Karin Bohn, Dennis Prescott",Canada,"May 8, 2020",2020,TV-14,2 Seasons,"International TV Shows, Reality TV",Three food and design experts travel the world to revive failing restaurants by connecting them to the local culture beyond their gorgeous views.
s2570,TV Show,Hoarders,,,,"May 2, 2020",2020,TV-PG,1 Season,Reality TV,"This reality series enters the worlds of compulsive hoarders, whose addiction to acquisition overwhelms not just their homes but also their lives."
s2610,TV Show,Nadiya’s Time to Eat,,Nadiya Hussain,United Kingdom,"April 29, 2020",2020,TV-G,1 Season,"British TV Shows, International TV Shows, Reality TV","On this cooking show, Nadiya Hussain serves up delicious shortcuts, vital ingredients and fast favorites — perfect for today's time-strapped families."
s2658,TV Show,Win the Wilderness,,,United Kingdom,"April 22, 2020",2020,TV-14,1 Season,"British TV Shows, International TV Shows, Reality TV","Six couples compete to prove they've got the survival skills to win the deed to an extraordinary home deep in the vast, rugged wilderness of Alaska."
s2662,TV Show,Cooked with Cannabis,,"Kelis, Leather Storrs",United States,"April 20, 2020",2020,TV-MA,1 Season,Reality TV,"Chefs compete to get the hosts and special guests high on elevated cannabis cuisine with their artful use of leafy herb, THC infusions and CBD sauces."
s2700,TV Show,The Circle France,,,,"April 9, 2020",2020,TV-MA,1 Season,"International TV Shows, Reality TV","Status and strategy collide in this social media competition where online players flirt, befriend and catfish their way toward 100,000 euros."
s2773,TV Show,Wassup Man GO!,,Joon Park,,"March 27, 2020",2020,TV-MA,1 Season,"International TV Shows, Korean TV Shows, Reality TV","Famously unfiltered star Joon Park goes to Los Angeles for an audition – and for a colorful, totally personal romp through the city he calls home."
s2785,TV Show,J-Style Trip,,"Jay Chou, Jam Hsiao, JJ Lin, Will Tsai, Chen Chien-chou, Funky Tu, Norman Chen","Taiwan, China","March 22, 2020",2020,TV-14,1 Season,"International TV Shows, Reality TV",Megastar Jay Chou joins his A-list friends in this globe-trotting variety show packed with music and magic tricks.
s2828,TV Show,The Circle Brazil,,Giovanna Ewbank,"Brazil, United Kingdom","March 11, 2020",2020,TV-MA,1 Season,"International TV Shows, Reality TV","Be yourself or someone else? In this fun reality competition, online players try their best to flirt, bond and catfish their way to a R$300,000 prize."
s2894,TV Show,Passion. Panache. Pep,,,,"February 21, 2020",2020,TV-G,1 Season,"International TV Shows, Reality TV","From delicious delicacies to dream destinations, this collection features vibrant stories on cultural trends across food, fashion and travel in India."
s2921,TV Show,Love Is Blind,,"Nick Lachey, Vanessa Lachey",United States,"February 13, 2020",2021,TV-MA,1 Season,"Reality TV, Romantic TV Shows","Nick and Vanessa Lachey host this social experiment where single men and women look for love and get engaged, all before meeting in person."
s2923,TV Show,Palazuelos mi rey,,Roberto Palazuelos,,"February 13, 2020",2019,TV-14,1 Season,"International TV Shows, Reality TV, Spanish-Language TV Shows","This reality series follows entrepreneur and soap opera star Roberto Palazuelos as he builds his hotel empire and juggles riches, women and drama."
s2978,TV Show,Ainori Love Wagon: African Journey,,"Becky, Ryo Kato, Karina Maruyama, Kohei Takeda",Japan,"January 30, 2020",2019,TV-14,1 Season,"International TV Shows, Reality TV, Romantic TV Shows","To find love, seven strangers leave Japan and embark on a journey through the continent of Africa together. Challenges, adventure and romance await!"
s2981,TV Show,What the Love! with Karan Johar,,Karan Johar,United States,"January 30, 2020",2020,TV-14,1 Season,"International TV Shows, Reality TV, Romantic TV Shows","With help from celebrity guests and a glam squad, filmmaker Karan Johar mentors six singletons through their personal struggles as they look for love."
s2994,TV Show,The goop lab with Gwyneth Paltrow,,"Gwyneth Paltrow, Elise Loehnen",United States,"January 24, 2020",2020,TV-MA,1 Season,Reality TV,"Leading with curiosity, Gwyneth Paltrow and her goop team look at psychedelics, energy work and other challenging wellness topics."
s3013,TV Show,Nailed It! Germany,,"Angelina Kirsch, Bernd Siefert",Germany,"January 17, 2020",2020,TV-14,1 Season,"International TV Shows, Reality TV","Home cooks try – and inevitably fail – to re-create spectacular confections on this comical competition show, all for a sweet 5,000 euros."
s3014,TV Show,Tiny House Nation,,,United States,"January 17, 2020",2019,TV-PG,2 Seasons,Reality TV,"Traveling the U.S., host John Weisbarth and expert Zack Giffin are helping families prep for the tiny lifestyle and create hypercustomized mini homes."
s3041,TV Show,Until Dawn,,"Ahmed Sylla, Alban Ivanov, Ornella Fleury, Natoo, Carlito, Mcfly, Djimo, Lola Dubini, Noom Diawara, Tania Dutel, Hakim Jemili, Jason Brokerss, Bérengère Krief, Thomas Vandenberghe, Monsieur Poulpe, Jhon Rachid, Audrey Pirault, Jeanfi Janssens, Fadily Camara, Laurie Peret, Issa Doumbia, Anne-Sophie Girard, Elhadj Gaye, Guillaume Bats",France,"January 10, 2020",2020,TV-MA,1 Season,"International TV Shows, Reality TV, TV Comedies",France’s funniest comics carry out ghastly tasks as they try to outlast – and outwit – one another while overnighting in haunted locations.
s3043,TV Show,Cheer,,,United States,"January 8, 2020",2020,TV-MA,1 Season,"Docuseries, Reality TV, Teen TV Shows",This gripping docuseries follows the ups and downs of Navarro College's competitive cheer squad as they work to win a coveted national title.
s3054,TV Show,Border Security: America's Front Line,,,Canada,"January 1, 2020",2018,TV-14,1 Season,"Crime TV Shows, International TV Shows, Reality TV",This reality series chronicles the behind-the-scenes action as U.S. Customs and Border Protection agents safeguard the nation's crossings and ports.
s3242,TV Show,Nailed It! Holiday!,,"Nicole Byer, Jacques Torres",United States,"November 22, 2019",2019,TV-PG,2 Seasons,Reality TV,"It's the ""Nailed It!"" holiday special you've been waiting for, with missing ingredients, impossible asks and desserts that look delightfully sad."
s3246,TV Show,Singapore Social,,"Nicole Ong, Mae Tan, Sukki Singapora, Vinny Sharp, Paul Foster, Tabitha Nauser","Singapore, United States","November 22, 2019",2019,TV-MA,1 Season,"International TV Shows, Reality TV","Peer into the lives of young Singaporeans as they defy expectations and traverse the tricky terrain of career, romance and family."
s3270,TV Show,I'm with the Band: Nasty Cherry,,"Charli XCX, Emmie Lichtenberg, Gabbriette Bechtel, Chloe Chaidez, Deborah Knox- Hewson, Georgia Somary",United States,"November 15, 2019",2019,TV-MA,1 Season,Reality TV,"In an unfiltered, intimate docuseries, pop star mentor Charli XCX finds out what it takes to build – and break – a real, badass all-girl punk band."
s3283,TV Show,The Toys That Made Us,,,United States,"November 15, 2019",2019,TV-14,3 Seasons,"Docuseries, Reality TV",The minds behind history's most iconic toy franchises discuss the rise – and sometimes fall – of their billion-dollar creations.
s3331,TV Show,Billy on the Street,,Billy Eichner,United States,"November 1, 2019",2016,TV-14,4 Seasons,"International TV Shows, Reality TV, TV Comedies","Comedian Billy Eichner sprints through New York with celebrities to stun pedestrians with unapologetic, unfiltered and unique pop culture questions."
s3343,TV Show,Queer Eye: We're in Japan!,,"Bobby Berk, Karamo Brown, Tan France, Antoni Porowski, Jonathan Van Ness, Kiko Mizuhara","United States, Japan","November 1, 2019",2019,TV-14,1 Season,"International TV Shows, Reality TV","The Fab Five touch down in Tokyo to spread the joy, explore the culture, and help four Japanese men and women find the confidence to be themselves."
s3345,TV Show,The Boulet Brothers Dragula,,Boulet Brothers,United States,"November 1, 2019",2019,TV-MA,2 Seasons,Reality TV,"Ten queens must slay the competition and put their fiercest, filthiest faces forward for the chance to be crowned the world's next drag supermonster."
s3378,TV Show,Nailed It! France,,"Artus, Noémie Honiat",France,"October 25, 2019",2019,TV-14,1 Season,"International TV Shows, Reality TV","On this fun and funny competition show, home bakers talented in catastrophe struggle to re-create dessert masterpieces and win a 5,000 euro prize."
s3379,TV Show,Nailed It! Spain,,"La Terremoto de Alcorcón, Christian Escribà",Spain,"October 25, 2019",2019,TV-PG,1 Season,"International TV Shows, Reality TV, Spanish-Language TV Shows","On this competition show, novice bakers try to avoid a fiasco while duplicating stunning sweets. At stake are a trophy and 5,000 euros."
s3401,TV Show,Interior Design Masters,,,United Kingdom,"October 18, 2019",2019,TV-PG,1 Season,"British TV Shows, International TV Shows, Reality TV",Aspiring interior designers transform a variety of spaces from dowdy to delightful as they vie for a life-changing contract with a top London hotel.
s3441,TV Show,Rhythm + Flow,,"Cardi B, Chance The Rapper, T.I.",United States,"October 9, 2019",2019,TV-MA,1 Season,Reality TV,"In this music competition show, judges Tip “T.I.” Harris, Cardi B and Chance the Rapper hit the streets to find the next rap superstar."
s3505,TV Show,Fastest Car,,,United States,"September 20, 2019",2019,TV-MA,2 Seasons,Reality TV,The drivers of exotic supercars put their street cred on the line against deceptively fast sleeper cars built and modified by true gearheads.
s3551,TV Show,Styling Hollywood,,"Jason Bolden, Adair Curtis",,"August 30, 2019",2019,TV-14,1 Season,Reality TV,"Whether styling superstars or elevating A-list homes, couple Jason Bolden and Adair Curtis of JSN Studio connect famous clientele with the chicest looks."
s3559,TV Show,Million Pound Menu,,,United Kingdom,"August 27, 2019",2019,TV-MA,2 Seasons,"British TV Shows, International TV Shows, Reality TV",Next-gen restaurateurs get the chance to open their own pop-up eateries to impress the paying public – and a panel of discerning U.K. investors.
s3572,TV Show,Hyperdrive,,"Rutledge Wood, Mike Hill, Michael Bisping, Lindsay Czarniak",United States,"August 21, 2019",2019,TV-PG,1 Season,Reality TV,"Elite street racers from around the world test their limits in supercharged custom cars on the biggest, baddest automotive obstacle course ever built."
s3628,TV Show,Basketball or Nothing,,,United States,"August 2, 2019",2019,TV-PG,1 Season,"Docuseries, Reality TV",Follow the Chinle High basketball team in Arizona's Navajo Nation on a quest to win a state championship and bring pride to their isolated community.
s3672,TV Show,Extreme Engagement,,"Tim Noonan, PJ Madam",,"July 12, 2019",2019,TV-MA,1 Season,"International TV Shows, Reality TV",An engaged couple travels the world for a year to explore marriage customs in diverse cultures. Will the journey bring them closer or tear them apart?
s3688,TV Show,Yummy Mummies,,"Lorinska Merrington, Jane Scandizzo, Rachel Watts, Maria DiGeronimo",Australia,"July 3, 2019",2019,TV-MA,2 Seasons,"International TV Shows, Reality TV",It's drama Down Under when expectant mothers with model good looks and lavish lifestyles pull out all the stops to prepare for their new arrivals.
s3701,TV Show,Scare Tactics,,"Tracy Morgan, Lauren Ash",United States,"June 30, 2019",2011,TV-MA,2 Seasons,"Reality TV, TV Comedies, TV Horror",This ghoulish but hilarious hidden-camera show from Syfy finds mischievous friends and family members setting up unsuspecting victims for elaborate pranks that use high-quality makeup and special effects to unleash their worst fears upon them.
s3706,TV Show,Instant Hotel,,"Luke Jacobz, Juliet Ashworth",Australia,"June 28, 2019",2019,TV-MA,2 Seasons,"International TV Shows, Reality TV",Teams of Australian homeowners compete for the title of best Instant Hotel by staying overnight in each other's rentals and rating their experience.
s3722,TV Show,Girls Incarcerated,,,United States,"June 21, 2019",2019,TV-MA,2 Seasons,"Docuseries, Reality TV","Fights, friendships, dating, rules. Teenage life is full of drama. But behind bars, the stakes are so much higher."
s3727,TV Show,The Casketeers,,,New Zealand,"June 21, 2019",2019,TV-14,2 Seasons,"International TV Shows, Reality TV",Māori funeral directors Francis and Kaiora Tipene and staff temper good humor with care and respect as they help Polynesian families cope with loss.
s3746,TV Show,Awake: The Million Dollar Game,,James Davis,United States,"June 14, 2019",2019,TV-PG,1 Season,Reality TV,"Sleepless for 24 hours, contestants in the comedy game show stumble through challenges both eccentric and everyday for a chance at a $1 million prize."
s3838,TV Show,Jailbirds,,,,"May 10, 2019",2019,TV-MA,1 Season,"Docuseries, Reality TV","At the Sacramento County Jail, incarcerated women fight the power and one another as they try to make the best of life – and love – on the inside."
s3865,TV Show,Flinch,,"Desiree Burch, Lloyd Griffith, Seann Walsh",United Kingdom,"May 3, 2019",2019,TV-PG,1 Season,Reality TV,"Harrowing and hilarious tests await the brave and foolhardy, as well as the judges, in this comedy game show. If they flinch, they feel the pain."
s3932,TV Show,You vs. Wild,,Bear Grylls,United States,"April 10, 2019",2019,TV-PG,1 Season,"Kids' TV, Reality TV, Science & Nature TV","In this interactive series, you'll make key decisions to help Bear Grylls survive, thrive and complete missions in the harshest environments on Earth."
s3972,TV Show,Ainori Love Wagon: Asian Journey,,"Becky, Audrey, Mayuko Kawakita, Shimon Okura",Japan,"March 28, 2019",2018,TV-MA,2 Seasons,"International TV Shows, Reality TV, Romantic TV Shows","Seven men and women board a pink bus in search of true love. On a journey through Asia with strangers, their goal is to return to Japan as a couple."
s4085,TV Show,Chef's Table,,,United States,"February 22, 2019",2019,TV-MA,6 Seasons,"Docuseries, Reality TV","In this Emmy-nominated docuseries, find out what's inside the kitchens and minds of the international culinary stars who are redefining gourmet food."
s4090,TV Show,The Big Family Cooking Showdown,,"Zoe Ball, Nadiya Hussain, Giorgio Locatelli, Rosemary Shrager",United Kingdom,"February 22, 2019",2018,TV-PG,2 Seasons,"British TV Shows, International TV Shows, Reality TV","In this unscripted series, families passionate about food serve up their most delicious dishes for the chance to be crowned Britain's best home cooks."
s4200,TV Show,Back with the Ex,,,,"January 11, 2019",2018,TV-MA,1 Season,"International TV Shows, Reality TV, Romantic TV Shows",New beginnings or old baggage? Four singles have one chance to reignite romance with an ex – or leave the past behind for good.
s4228,TV Show,Tidying Up with Marie Kondo,,Marie Kondo,United States,"January 1, 2019",2019,TV-PG,1 Season,Reality TV,"In a series of inspiring home makeovers, world-renowned tidying expert Marie Kondo helps clients clear out the clutter – and choose joy."
s4354,TV Show,Death by Magic,,Drummond Money-Coutts,United States,"November 30, 2018",2018,TV-PG,1 Season,Reality TV,"Magician Drummond Money-Coutts travels the globe, sharing his infectious love of his craft and attempting feats that proved fatal to other magicians."
s4377,TV Show,The Final Table,,Andrew Knowlton,United States,"November 20, 2018",2018,TV-PG,1 Season,Reality TV,Teams of elite chefs vie to impress the world's toughest palates as they whip up iconic dishes from nine nations in this star-packed competition.
s4388,TV Show,Vai Anitta,,Anitta,Brazil,"November 16, 2018",2018,TV-MA,1 Season,"Docuseries, International TV Shows, Reality TV","Go behind the scenes with Brazilian pop icon Anitta, along with her friends and family, as she aims to create a new song and music video each month."
s4409,TV Show,Westside,,,United States,"November 9, 2018",2018,TV-MA,1 Season,Reality TV,Nine struggling musicians share the spotlight in this deeply personal reality series about the challenges and thrills of staging a Hollywood showcase.
s4462,TV Show,The Great British Baking Show: The Beginnings,,"Paul Hollywood, Mary Berry, Mel Giedroyc, Sue Perkins",,"November 1, 2018",2012,TV-PG,1 Season,"British TV Shows, Reality TV",A dozen amateur bakers amiably compete for the coveted title of Britain's best as they whip up tasty treats for judges Mary Berry and Paul Hollywood.
s4509,TV Show,Stunt Science,,,United Kingdom,"October 15, 2018",2018,TV-MA,1 Season,"British TV Shows, International TV Shows, Reality TV","When it comes to daring stunts and outrageous pranks, we often wonder: What were they thinking? This high-octane series tries to find some answers."
s4530,TV Show,Dancing Queen,,"Justin ""Alyssa Edwards"" Johnson",,"October 5, 2018",2018,TV-14,1 Season,Reality TV,Snatching trophies. Getting gorgeous. Turning it up. Alyssa Edwards rules the dance studio by day – and the drag world by night.
s4605,TV Show,Strong,,Gabrielle Reece,United States,"October 1, 2018",2016,TV-14,1 Season,Reality TV,Gabrielle Reece hosts a transformative competition of tough fitness challenges as 10 women partner with 10 elite personal trainers.
s4609,TV Show,Three Wives One Husband,,,United Kingdom,"October 1, 2018",2018,TV-14,1 Season,"British TV Shows, International TV Shows, Reality TV","A film crew captures a year in the life of modern polygamist families at Rockland Ranch, a community for fundamentalist Mormons in the Utah desert."
s4622,TV Show,Made in Mexico,,,United States,"September 28, 2018",2018,TV-MA,1 Season,"International TV Shows, Reality TV, Spanish-Language TV Shows","These Mexico City socialites may lead opulent lives, but a peek behind the curtain reveals a tangled web of intrigue, envy and personal struggles."
s4628,TV Show,Battlefish,,,,"September 21, 2018",2018,TV-MA,1 Season,"Reality TV, Science & Nature TV, TV Action & Adventure","Over the course of a fishing season, tough men and women pursue lucrative albacore tuna in the competitive waters off the Oregon coast."
s4677,TV Show,Ultimate Beastmaster,,"Tiki Barber, Chris Distefano, Francesco Facchinetti, Bianca Balti, Vidyut Jammwal, Sarah-Jane Dias, BIn Gu, Qinyi Du, Paula Vázquez, Saúl Craviotto, Gilles Marini, Sandy Heribert, Terry Crews, Charissa Thompson, Yuji Kondo, Sayaka Akimoto, Luke Mockridge, Hans Sarpei, Kyung-seok Seo, Kyeong-rim Park, Luis Ernesto Franco, Inés Sainz, Rafinha Bastos, Anderson Silva, Sylvester Stallone","United States, Brazil, South Korea, Mexico, Japan, Germany","August 31, 2018",2018,TV-PG,3 Seasons,Reality TV,"In this intense obstacle course series, elite athletes from the U.S. and other countries compete for cash prizes, individual glory and national pride."
s4678,TV Show,Ultimate Beastmaster México,,"Luis Ernesto Franco, Inés Sainz, Tiki Barber, Chris Distefano, Francesco Facchinetti, Bianca Balti, Vidyut Jammwal, Sarah-Jane Dias, BIn Gu, Qinyi Du, Paula Vázquez, Saúl Craviotto, Gilles Marini, Sandy Heribert, Terry Crews, Charissa Thompson, Yuji Kondo, Sayaka Akimoto, Luke Mockridge, Hans Sarpei, Kyung-seok Seo, Kyeong-rim Park, Rafinha Bastos, Anderson Silva, Sylvester Stallone",,"August 31, 2018",2018,TV-PG,3 Seasons,"Reality TV, Spanish-Language TV Shows",Competitors representing countries from around the world battle it out on a grueling obstacle course. Luis Ernesto Franco and Inés Sainz host.
s4697,TV Show,Stay Here,,"Genevieve Gorder, Peter Lorimer",United States,"August 17, 2018",2018,TV-PG,1 Season,Reality TV,Designer Genevieve Gorder and real estate expert Peter Lorimer show property owners how to turn their short-term rentals into moneymaking showstoppers.
s4704,TV Show,Afflicted,,,United States,"August 10, 2018",2018,TV-MA,1 Season,"Docuseries, Reality TV, Science & Nature TV",Baffling symptoms. Controversial diagnoses. Costly treatments. Seven people with chronic illnesses search for answers – and relief.
s4759,TV Show,Amazing Interiors,,,United Kingdom,"July 20, 2018",2018,TV-PG,1 Season,"British TV Shows, International TV Shows, Reality TV","Meet eccentric homeowners whose seemingly ordinary spaces are full of surprises, from a backyard roller coaster to an indoor aquarium."
s4778,TV Show,Baby Ballroom,,"Warren Bullock, Jane Bullock",United Kingdom,"July 10, 2018",2018,TV-MA,2 Seasons,"British TV Shows, International TV Shows, Reality TV","Step into the cutthroat world of kids' ballroom dancing, where ambitious instructors, proud parents and pint-sized performers waltz to win."
s4808,TV Show,Churchill’s Secret Agents: The New Recruits,,,United Kingdom,"June 29, 2018",2018,TV-MA,1 Season,"British TV Shows, International TV Shows, Reality TV","In this history-steeped reality series, 14 contestants undergo the same rigorous four-day selection process as Britain's top-secret World War II spies."
s5049,TV Show,Coach Snoop,,Snoop Dogg,United States,"February 2, 2018",2018,TV-MA,1 Season,"Docuseries, Reality TV","Fueled by his own rough upbringing, Snoop Dogg creates a youth football league to keep at-risk kids off the streets and focused on their goals."
s5169,TV Show,Shot in the Dark,,,United States,"November 17, 2017",2017,TV-MA,1 Season,Reality TV,"Three rival freelance stringers scour the streets at night to film crime scenes, fires, accidents – and anything else they can sell to news outlets."
s5222,TV Show,West Coast Customs,,"Ryan Friedlinghaus, Hunter Clancey",United States,"October 15, 2017",2015,TV-G,6 Seasons,"Docuseries, Reality TV","West Coast Customs, a mecca for well-heeled car lovers, stars as their team creates some of the most luxurious, outrageous vehicles on the planet."
s5263,TV Show,Terrace House: Aloha State,,"You, Reina Triendl, Ryota Yamasato, Yoshimi Tokui, Azusa Babazono, Kentaro","United States, Japan","September 26, 2017",2017,TV-14,4 Seasons,"International TV Shows, Reality TV","The beautiful island of Oahu is host to a new batch of six strangers who share a single roof, multiple conflicts and no script in this reality series."
s5300,TV Show,High Risk,,,United States,"September 1, 2017",1988,TV-PG,1 Season,"Docuseries, Reality TV","From scientists to snake handlers, this series explores what motivates some people to put themselves in jeopardy to perform extraordinary feats."
s5568,TV Show,Outback Truckers,,,Australia,"March 17, 2017",2015,TV-MA,3 Seasons,Reality TV,"Australia's toughest big-rig drivers brave wildfires, scorching deserts, treacherous downpours and chassis-deep mud to deliver their cargo on time."
s5576,TV Show,Cheer Squad,,,United States,"March 14, 2017",2016,TV-PG,1 Season,"Reality TV, Teen TV Shows","Follow the Great White Sharks, a world-champion cheerleading squad, as they juggle the pressures of training, school, work and relationships."
s5656,TV Show,Chasing Cameron,,"Cameron Dallas, Aaron Carpenter, Taylor Caniff, Willie Jones, Trey Schafer, Bart Bordelon, Blake Gray",United States,"December 27, 2016",2016,TV-14,1 Season,"Reality TV, Teen TV Shows",Go behind the scenes with social media sensation Cameron Dallas as he takes his career to the next level on an international tour.
s5684,TV Show,White Rabbit Project,,"Tory Belleci, Kari Byron, Grant Imahara",United States,"December 9, 2016",2016,TV-14,1 Season,"Docuseries, International TV Shows, Reality TV","Kari Byron, Tory Belleci and Grant Imahara rank history's greatest inventions, heists and more in this series from the producers of ""MythBusters."""
s5857,TV Show,Terrace House: Boys & Girls in the City,,"You, Reina Triendl, Ryota Yamasato, Yoshimi Tokui, Azusa Babazono, Ayumu Mochizuki, Kentaro",Japan,"April 1, 2016",2016,TV-14,2 Seasons,"International TV Shows, Reality TV","A new set of six men and women start their lives together under one roof. All they get is a fabulous home and a car. As always, there is no script."
s5985,TV Show,100% Hotter,,"Daniel Palmer, Melissa Sophia, Karen Williams, Grace Woodward",United Kingdom,"November 1, 2019",2017,TV-14,1 Season,"British TV Shows, International TV Shows, Reality TV","A stylist, a hair designer and a makeup artist team up to give Britain's biggest fashion disasters some much-needed makeunders."
s6101,TV Show,Age Gap Love,,Fay Ripley,United Kingdom,"July 12, 2019",2017,TV-MA,1 Season,"British TV Shows, Reality TV, Romantic TV Shows","Despite the social backlash and challenges that come with intergenerational romance, these couples choose to stick together through thick and thin."
s6199,TV Show,Aussie Gold Hunters,,,Australia,"August 1, 2017",2016,TV-MA,1 Season,"Docuseries, International TV Shows, Reality TV",Three teams of gold hunters battle all manner of challenges while pursuing their dreams in the Australian Outback.
s6254,TV Show,Battlefield Recovery,,,United Kingdom,"August 1, 2016",2016,TV-PG,1 Season,"British TV Shows, Docuseries, Reality TV",A four-man team heads to Latvia and Poland to unearth rare World War II artifacts and shed new light on the bloody battles of the Eastern Front.
s6305,TV Show,"Big Dreams, Small Spaces",,Monty Don,United Kingdom," July 26, 2019",2017,TV-G,3 Seasons,"British TV Shows, International TV Shows, Reality TV",Writer and presenter Monty Don helps England's budding horticulturists plant and grow the gardens of their dreams.
s6358,TV Show,Bondi Rescue,,"Andrew Günsberg, Dean Gladstone, Bruce Hopkins, Trent 'Maxi' Maxwell, Andrew Reid, Ryan Clark, Chris Chapman, Anthony 'Harries' Caroll",Australia," November 1, 2019",2016,TV-PG,1 Season,Reality TV,"This reality series follows elite professional lifeguards on Sydney's Bondi Beach, as they take on everything from animal stings to criminals."
s6361,TV Show,Border Patrol,,Timothy Balme,,"October 2, 2019",2016,TV-PG,1 Season,Reality TV,This reality TV series follows the men and women of New Zealand's border patrol in their quest to keep their country safe and secure.
s6374,TV Show,Braxton Family Values,,"Toni Braxton, Trina Braxton, Traci Braxton, Towanda Braxton, Tamar Braxton",United States,"February 15, 2020",2014,TV-PG,2 Seasons,Reality TV,"Songstress sisters Toni, Traci, Towanda, Trina and Tamar Braxton open up about their lives and their relationships — and reveal a few surprises."
s6379,TV Show,Bringing Sexy Back,,Samantha Armstrong,,"October 2, 2019",2015,TV-14,1 Season,"International TV Shows, Reality TV","In this reality series, everyday individuals adopt healthier lifestyles and transform their bodies to reclaim their confidence – with dramatic results."
s6399,TV Show,Cabins in the Wild with Dick Strawbridge,,"Dick Strawbridge, William Hardie",United Kingdom,"September 15, 2018",2017,TV-PG,1 Season,"British TV Shows, International TV Shows, Reality TV","Engineer Dick Strawbridge and craftsman Will Hardie tour eight unique cabins built for a pop-up hotel in Wales, and construct No. 9 on their own."
s6452,TV Show,Chasing Monsters,,Cyril Chauquet,Canada," December 15, 2017",2016,TV-PG,2 Seasons,"Docuseries, Reality TV, Science & Nature TV",Adventurer Cyril Chauquet seeks out the most colossal and dangerous underwater creatures around the world in this adrenaline-packed series.
s6456,TV Show,Cheapest Weddings,,Melanie Vallejo,Australia,"December 1, 2017",2016,TV-14,1 Season,"International TV Shows, Reality TV",Couples on a tiny budget try to ensure that the day of their wedding turns out to be the magical experience they always dreamed it would be.
s6458,TV Show,Chef & My Fridge,,"Seong-joo Kim​, Jung-hwan Ahn",South Korea," August 4, 2017",2017,TV-PG,2 Seasons,"International TV Shows, Korean TV Shows, Reality TV",The best chefs of Korea go head-to-head to create impromptu dishes that feature ingredients found inside the guest stars' very own refrigerators.
s6533,TV Show,Cooking on High,,"Josh Leyva, Ngaio Bealum",United States,"June 22, 2018",2018,TV-MA,1 Season,Reality TV,"In the first-ever competitive cannabis cooking show, two chefs prepare mouthwatering marijuana-infused dishes for a panel of very chill celeb judges."
s6619,TV Show,Diva Brides,,,,"October 2, 2019",2017,TV-MA,1 Season,"British TV Shows, Reality TV","In this reality series, brides-to-be stop at nothing to have their dream weddings despite meager funds, fallouts with friends or even absent grooms."
s6636,TV Show,Doomsday Preppers,,Michael Izquierdo,United States,"March 1, 2019",2013,TV-14,1 Season,"Reality TV, Science & Nature TV",This series highlights a diverse group of survivalists as they prepare for various catastrophic scenarios that could cause civilization to collapse.
s6691,TV Show,Emogenius,,Hunter March,United States,"December 15, 2018",2017,TV-PG,1 Season,Reality TV,"Two pairs of contestants go head-to-head for several rounds, deciphering puzzles and messages comprised of emojis for a chance at a $10,000 prize."
s6764,TV Show,Fit for Fashion,,Louise Roe,," December 14, 2018",2015,TV-14,2 Seasons,"International TV Shows, Reality TV","In this reality series, physique meets fashion as contestants compete in challenges to transform both body and image for the grand prize of $100,000."
s6767,TV Show,Fix It and Finish It,,Antonio Sabato Jr.,United States," July 20, 2018",2014,TV-G,3 Seasons,Reality TV,"A team of skilled contractors and designers hosted by Antonio Sabato Jr. renovates houses, cabins and even RVs, transforming properties in one day."
s6783,TV Show,For the Win,,Brodie Smith,United States,"December 31, 2018",2017,TV-14,1 Season,Reality TV,Frisbee national champion Brodie Smith challenges inventive athletes across the US to an exhibition match in the unconventional sports they've created.
s6804,TV Show,Friday Night Tykes,,,United States," January 17, 2018",2017,TV-PG,4 Seasons,"Docuseries, Reality TV","This docuseries dives into the cutthroat world of Texas youth football, where kids face grueling demands and pressure from coaches and parents to win."
s6850,TV Show,Ghost Town Gold,,"Brit Eaton, Scott Glaves",United States,"October 2, 2019",2012,TV-14,1 Season,Reality TV,"Two history buffs with an eye for valuables traverse through forgotten mines and abandoned landmarks in the wild, wild West to score collectibles."
s6890,TV Show,Grand Designs,,Kevin McCloud,United Kingdom,"August 1, 2019",2017,TV-14,2 Seasons,"British TV Shows, International TV Shows, Reality TV","Host Kevin McCloud presents people who take self-building houses to a new level, following every step of their ambitious plans from beginning to end."
s6895,TV Show,Great Interior Design Challenge,,"Tom Dyckhoff, Daniel Hopwood, Sophie Robinson",United Kingdom," December 1, 2018",2016,TV-PG,2 Seasons,"British TV Shows, International TV Shows, Reality TV","In this reality series, amateur interior designers on tight budgets test their mettle transforming rooms with speed and style."
s6952,TV Show,Heavy Rescue: 401,,Dave Pettitt,Canada,"June 22, 2018",2018,TV-MA,2 Seasons,"International TV Shows, Reality TV","In the harshest weather, rookie and veteran heavy recovery operators fight to keep southern Ontario's busy, treacherous highways clear and safe."
s6966,TV Show,Hidden Singer,,"Hyun-moo Jun, Solbi, Dong-hyuk Jang, Young-hoon Joo",South Korea,"May 19, 2017",2015,TV-Y7,1 Season,"International TV Shows, Korean TV Shows, Reality TV",Pop stars and impersonators face off to be the last one standing as the audience tries to determine the real singer by listening to their voices only.
s6970,TV Show,Highway Thru Hell,,"Dave Pettitt, Jamie Davis, Adam Gazzola, Kevin Ritchie",Canada," December 3, 2019",2016,TV-PG,3 Seasons,Reality TV,"On the hazardous highways of Canada's interior, heavy vehicle towing companies experience hardship and triumph rescuing wrecked and stranded trucks."
s7018,TV Show,How to Live Mortgage Free with Sarah Beeny,,,,"September 15, 2018",2018,TV-MA,1 Season,"British TV Shows, International TV Shows, Reality TV",Real estate expert and TV presenter Sarah Beeny meets with clever property owners who share their colorful stories about living mortgage free.
s7034,TV Show,Hyori's Bed & Breakfast,,"Hyo-ri Lee, Sang-soon Lee, Ji-eun Lee",,"March 29, 2018",2018,TV-14,2 Seasons,"International TV Shows, Korean TV Shows, Reality TV","K-pop diva Lee Hyo-ri and her husband open up their home on the beautiful Jeju Island to welcome travelers for free stays, meals and late-night chats."
s7055,TV Show,Idiotest,,Ben Gleib,United States,"December 15, 2018",2014,TV-PG,1 Season,"Reality TV, TV Comedies",Comedian Ben Gleib hosts this game show in which teams of two compete to solve increasingly tough brain teasers. Faster answers mean more money.
s7084,TV Show,Inst@famous,,,United Kingdom,"December 31, 2018",2018,TV-MA,1 Season,Reality TV,Self-made social media celebrities share the stories of how they built their online empires and where they plan to take their unexpected fame next.
s7124,TV Show,Jeopardy!,,Alex Trebek,United States,"December 18, 2020",2019,TV-G,2 Seasons,Reality TV,"Alex Trebek hosts one of TV's longest-running game shows, where a trio of players buzz in with their knowledge of history, arts, pop culture and more."
s7216,TV Show,Kitten Rescuers,,Jo Brand,United Kingdom,"October 2, 2019",2017,TV-14,1 Season,"British TV Shows, International TV Shows, Reality TV",Cat-crazy host Jo Brand follows vets and animal welfare officers who take on daring rescues to save furry felines subjected to different cat-astrophes.
s7298,TV Show,License to Drill: Louisiana,,,Canada,"October 2, 2019",2014,TV-PG,1 Season,Reality TV,"A crew of oil riggers work an off-season job and swap the blistering cold of their native Canada for sunny, Southern comfort in the Big Easy."
s7354,TV Show,Love Your Garden,,"Alan Titchmarsh, David Domoney, Frances Tophill, Katie Rushworth",United Kingdom,"July 26, 2019",2013,TV-G,1 Season,"British TV Shows, International TV Shows, Reality TV",Famed horticulturist Alan Titchmarsh hosts this uplifting show in which he and his team travel the U.K. planting dream gardens for deserving citizens.
s7393,TV Show,Man vs Wild with Sunny Leone,,"Bear Grylls, Sunny Leone",,"December 1, 2018",2018,TV-PG,1 Season,"International TV Shows, Reality TV, TV Action & Adventure",The adventures of Bear Grylls get a unique spin as Bollywood star Sunny Leone hosts the show famous for revealing Bear's wilderness survival skills.
s7409,TV Show,Married at First Sight,,"Viviana Coles, Calvin Roberson, Pepper Schwartz",United States,"April 13, 2020",2019,TV-14,1 Season,"Reality TV, Romantic TV Shows","Set up by experts, four couples meet at the altar for the first time and test their compatibility after the wedding."
s7419,TV Show,Mary Portas: Secret Shopper,,Mary Portas,United Kingdom,"July 26, 2019",2016,TV-14,1 Season,"British TV Shows, International TV Shows, Reality TV",Retail consultant Mary Portas collaborates with Britain's most complained-about stores to help them better serve fed-up customers.
s7437,TV Show,MegaTruckers,,,Australia,"July 12, 2019",2012,TV-PG,1 Season,Reality TV,"This reality ride-along offers a glimpse into the can-do, high-stakes world of big rig drivers who haul massive loads of cargo across Australia."
s7450,TV Show,Mexico Diseña,,,United States,"February 1, 2017",2016,TV-PG,1 Season,"International TV Shows, Reality TV, Spanish-Language TV Shows",Young fashion designers vie for the chance to become Mexico's next big talent by competing before judges in grueling tests of creativity and stamina.
s7460,TV Show,Minute to Win It,,Apolo Anton Ohno,United States,"December 15, 2018",2013,TV-PG,1 Season,Reality TV,"In this game show hosted by Olympian Apolo Anton Ohno, contestants compete by completing 60-second challenges using common household items."
s7484,TV Show,Money for Nothing,,,,"July 12, 2019",2015,TV-PG,1 Season,"British TV Shows, International TV Shows, Reality TV","Aided by designers and craftspeople, entrepreneur Sarah Moore rescues items bound for the garbage dump and turns them into valuable, unique objects."
s7539,TV Show,My Hotter Half,,Melvin Odoom,United Kingdom,"July 22, 2019",2017,TV-PG,1 Season,"British TV Shows, International TV Shows, Reality TV","Couples compete to see who can take the sexiest selfie, with the loser getting a much-needed makeover."
s7587,TV Show,"Nightmare Tenants, Slum Landlords",,Wendi Peters,," July 12, 2019",2016,TV-MA,2 Seasons,"British TV Shows, International TV Shows, Reality TV",The ongoing housing crisis in Britain has led to an increased number of nasty conflicts between fed-up landlords and exasperated tenants.
s7672,TV Show,Operation Gold Rush,,"Dan Snow, Felicity Ashton, Kevin Fong, Alisdair Simpson",United Kingdom,"February 1, 2019",2016,TV-14,1 Season,"British TV Shows, Reality TV",A team of modern-day adventurers follows the footsteps of the money-hungry explorers who trekked the Klondike in search of Canadian gold.
s7719,TV Show,Pawn Stars,,"Corey Harrison, Richard Harrison, Rick Harrison, Austin ""Chumlee"" Russell",United States,"September 15, 2019",2010,TV-14,1 Season,Reality TV,"Father Richard Harrison, son Rick and grandson Corey appraise an array of strange objects brought into their Gold & Silver Pawn Shop in Las Vegas."
s7868,TV Show,"Rica, Famosa, Latina",,,United States,"April 26, 2019",2016,TV-MA,4 Seasons,"International TV Shows, Reality TV, Spanish-Language TV Shows","This reality series follows the lives of a group of wealthy, successful Latina women in Los Angeles."
s7949,TV Show,Save Our Shelter,,"Rocky Kanaka, Rob North",United States,"August 18, 2018",2015,TV-G,1 Season,Reality TV,"Pet rescue expert Rocky Kanaka and renovation specialist Rob North travel across North America, transforming animal shelters to help homeless pets."
s8031,TV Show,Skin Wars,,"Rebecca Romijn, RuPaul, Robin Slonina, Craig Tracy",United States,"October 1, 2016",2016,TV-14,3 Seasons,Reality TV,"Artists test their creativity and body painting skills as they face off in a series of elaborate challenges, vying for a grand prize of $100,000."
s8032,TV Show,Skin Wars: Fresh Paint,,RuPaul,United States,"December 15, 2018",2016,TV-14,1 Season,Reality TV,"In each episode of this ""Skin Wars"" spinoff hosted by RuPaul, talented artists from various fields compete in body art for the first time."
s8041,TV Show,Slobby's World,,Robert Hall,United States,"December 31, 2018",2018,TV-MA,1 Season,Reality TV,Welcome to the irreverent world of Robert Hall – aka Slobby Robby – a pop culture junkie who buys and sells collectable goods from the '80s and '90s.
s8098,TV Show,Storage Wars: Northern Treasures,,"Ursula Stolf, Paul Kenny, Bogart Kenny, Roy Dirnbeck, Don Reinhart, Rick Coffill, Cindy Hayden",United States,"July 22, 2019",2015,TV-MA,1 Season,"International TV Shows, Reality TV","In Canada, a colorful collection of treasure-seeking scavengers bid on the largely unknown contents of repossessed and abandoned storage units."
s8194,TV Show,The Apartment,,"Jamie Durie, Laurence Llewelyn-Bowen",Singapore," December 14, 2018",2014,TV-PG,2 Seasons,"International TV Shows, Reality TV","With their eyes on the grand prize, amateur designers push their creative limits in this reality competition show hosted by design icon Jamie Durie."
s8200,TV Show,The Bachelor,,,,"December 1, 2019",2009,TV-14,1 Season,"Reality TV, Romantic TV Shows",A single man searches for his soulmate through a series of dates with 25 contestants ready to romance him for a chance at love.
s8210,TV Show,The Big Catch,,Ben Fogle,United Kingdom,"February 1, 2019",2015,TV-PG,1 Season,"British TV Shows, Reality TV","In a global competition, eight fishing enthusiasts battle extreme conditions and dangerous waters to be crowned the ultimate angler."
s8236,TV Show,The Calling,Bumpy,,India,"April 1, 2019",2018,TV-MA,1 Season,"International TV Shows, Reality TV","Food-crazed travel junkies journey across India, completing bucket list challenges for a chance to win a once-in-a-lifetime scholarship."
s8244,TV Show,The Chefs' Line,,"Dan Hong, Mark Olive, Melissa Leong, Maeve O'Meara",Australia,"August 1, 2019",2017,TV-14,1 Season,"International TV Shows, Reality TV",Home cooks face off against trained chefs to see if passion can beat profession in the kitchen in this reality competition show.
s8332,TV Show,The Great British Baking Show: Masterclass,,"Mary Berry, Paul Hollywood",United Kingdom,"December 1, 2018",2018,TV-PG,4 Seasons,"British TV Shows, Reality TV",Hosts Mary Berry and Paul Hollywood leave the tent and go into the kitchen to put their professional spin on baking techniques used in the show.
s8348,TV Show,The Homecoming,,"Se-yoon Yoo, Tyler Rasch, Guillaume Patry, Nikolai Johnsen",,"June 2, 2017",2015,TV-PG,1 Season,"International TV Shows, Korean TV Shows, Reality TV","Panelists from the Korean show ""Abnormal Summit"" lead cast mates on tours of their home countries, including China, Nepal, Italy, Canada and France."
s8350,TV Show,The House That Made Me,,Vinay Pathak,India,"March 31, 2017",2015,TV-PG,3 Seasons,"International TV Shows, Reality TV","With host Vinay Pathak, Indian celebrities return to their childhood homes to reconnect with the past and share stories of their journey to success."
s8377,TV Show,The Kindness Diaries,,Leon Logothetis,,"May 1, 2019",2019,TV-PG,1 Season,Reality TV,"Host Leon Logothetis travels the world with only a vintage motorbike and the kindness of strangers, which he pays back in unexpected, inspiring ways."
s8475,TV Show,The Rap Game,,Jermaine Dupri,United States,"September 15, 2019",2016,TV-14,1 Season,Reality TV,Young lyricists between the ages of 12 and 16 compete for a chance to sign to Jermaine Dupri's label while being mentored by hip-hop and R&B's finest.
s8606,TV Show,Top Grier,,,United States,"December 31, 2018",2018,TV-MA,3 Seasons,Reality TV,"Social media star Hayes Grier returns to North Carolina for a reality series packed with action sports, pranks and romantic escapades."
s8610,TV Show,Towies,,,,"December 27, 2017",2016,TV-MA,1 Season,"International TV Shows, Reality TV",Australia's toughest tow truck operators work to keep Queensland's streets clear of overturned semis and other automotive disasters.
s8748,TV Show,Winsanity,,Donald Faison,United States,"December 15, 2018",2016,TV-G,1 Season,Reality TV,Actor Donald Faison hosts this game show in which contestants must arrange numerical-based trivia tidbits from largest to smallest for various prizes.
